0 verbose cli C:\Program Files\nodejs\node.exe C:\Program Files\nodejs\node_modules\npm\bin\npm-cli.js
1 info using npm@11.13.0
2 info using node@v26.2.0
3 silly config load:file:C:\Program Files\nodejs\node_modules\npm\npmrc
4 silly config load:file:D:\Projects\student-management-system\frontend\.npmrc
5 silly config load:file:C:\Users\muwaf\.npmrc
6 silly config load:file:C:\Users\muwaf\AppData\Roaming\npm\etc\npmrc
7 verbose title npm install
8 verbose argv "install" "--cache" ".npm-cache"
9 verbose logfile logs-max:10 dir:D:\Projects\student-management-system\frontend\.npm-cache\_logs\2026-08-23T09_17_07_546Z-
10 verbose logfile D:\Projects\student-management-system\frontend\.npm-cache\_logs\2026-08-23T09_17_07_546Z-debug-0.log
11 silly logfile done cleaning log files
12 silly packumentCache heap:4395630592 maxSize:1098907648 maxEntrySize:549453824
13 silly idealTree buildDeps
14 silly fetch manifest @vitejs/plugin-react@latest
15 silly packumentCache full:https://registry.npmjs.org/@vitejs%2fplugin-react cache-miss
16 http fetch GET 200 https://registry.npmjs.org/npm 305ms
17 http fetch GET 200 https://registry.npmjs.org/@vitejs%2fplugin-react 767ms (cache miss)
18 silly packumentCache full:https://registry.npmjs.org/@vitejs%2fplugin-react set size:undefined disposed:false
19 silly fetch manifest @rolldown/plugin-babel@^0.1.7 || ^0.2.0
20 silly packumentCache full:https://registry.npmjs.org/@rolldown%2fplugin-babel cache-miss
21 http fetch GET 200 https://registry.npmjs.org/@rolldown%2fplugin-babel 112ms (cache miss)
22 silly packumentCache full:https://registry.npmjs.org/@rolldown%2fplugin-babel set size:undefined disposed:false
23 silly fetch manifest @babel/core@^7.29.0 || ^8.0.0-rc.1
24 silly packumentCache full:https://registry.npmjs.org/@babel%2fcore cache-miss
25 http fetch GET 200 https://registry.npmjs.org/@babel%2fcore 120ms (cache miss)
26 silly packumentCache full:https://registry.npmjs.org/@babel%2fcore set size:undefined disposed:false
27 silly fetch manifest @babel/plugin-transform-runtime@^7.29.0 || ^8.0.0-rc.1
28 silly packumentCache full:https://registry.npmjs.org/@babel%2fplugin-transform-runtime cache-miss
29 http fetch GET 200 https://registry.npmjs.org/@babel%2fplugin-transform-runtime 87ms (cache miss)
30 silly packumentCache full:https://registry.npmjs.org/@babel%2fplugin-transform-runtime set size:undefined disposed:false
31 silly fetch manifest @babel/runtime@^7.27.0 || ^8.0.0-rc.1
32 silly packumentCache full:https://registry.npmjs.org/@babel%2fruntime cache-miss
33 http fetch GET 200 https://registry.npmjs.org/@babel%2fruntime 252ms (cache miss)
34 silly packumentCache full:https://registry.npmjs.org/@babel%2fruntime set size:undefined disposed:false
35 silly fetch manifest rolldown@^1.0.0-rc.5
36 silly packumentCache full:https://registry.npmjs.org/rolldown cache-miss
37 http fetch GET 200 https://registry.npmjs.org/rolldown 203ms (cache miss)
38 silly packumentCache full:https://registry.npmjs.org/rolldown set size:undefined disposed:false
39 silly fetch manifest vite@latest
40 silly packumentCache full:https://registry.npmjs.org/vite cache-miss
41 http fetch GET 200 https://registry.npmjs.org/vite 1500ms (cache miss)
42 silly packumentCache full:https://registry.npmjs.org/vite set size:undefined disposed:false
43 silly fetch manifest @types/node@^20.19.0 || >=22.12.0
44 silly packumentCache full:https://registry.npmjs.org/@types%2fnode cache-miss
45 http fetch GET 200 https://registry.npmjs.org/@types%2fnode 479ms (cache miss)
46 silly packumentCache full:https://registry.npmjs.org/@types%2fnode set size:undefined disposed:false
47 silly fetch manifest @vitejs/devtools@^0.4.0 || ^0.5.0
48 silly packumentCache full:https://registry.npmjs.org/@vitejs%2fdevtools cache-miss
49 http fetch GET 200 https://registry.npmjs.org/@vitejs%2fdevtools 67ms (cache miss)
50 silly packumentCache full:https://registry.npmjs.org/@vitejs%2fdevtools set size:undefined disposed:false
51 silly fetch manifest @vitejs/devtools-oxc@^0.5.2
52 silly packumentCache full:https://registry.npmjs.org/@vitejs%2fdevtools-oxc cache-miss
53 http fetch GET 200 https://registry.npmjs.org/@vitejs%2fdevtools-oxc 138ms (cache miss)
54 silly packumentCache full:https://registry.npmjs.org/@vitejs%2fdevtools-oxc set size:undefined disposed:false
55 silly fetch manifest @vitejs/devtools-rolldown@^0.5.2
56 silly packumentCache full:https://registry.npmjs.org/@vitejs%2fdevtools-rolldown cache-miss
57 http fetch GET 200 https://registry.npmjs.org/@vitejs%2fdevtools-rolldown 59ms (cache miss)
58 silly packumentCache full:https://registry.npmjs.org/@vitejs%2fdevtools-rolldown set size:undefined disposed:false
59 silly fetch manifest @vitejs/devtools-vite@^0.5.2
60 silly packumentCache full:https://registry.npmjs.org/@vitejs%2fdevtools-vite cache-miss
61 http fetch GET 200 https://registry.npmjs.org/@vitejs%2fdevtools-vite 62ms (cache miss)
62 silly packumentCache full:https://registry.npmjs.org/@vitejs%2fdevtools-vite set size:undefined disposed:false
63 silly fetch manifest @vitejs/devtools-vitest@^0.5.2
64 silly packumentCache full:https://registry.npmjs.org/@vitejs%2fdevtools-vitest cache-miss
65 http fetch GET 200 https://registry.npmjs.org/@vitejs%2fdevtools-vitest 99ms (cache miss)
66 silly packumentCache full:https://registry.npmjs.org/@vitejs%2fdevtools-vitest set size:undefined disposed:false
67 silly fetch manifest vitest@*
68 silly packumentCache full:https://registry.npmjs.org/vitest cache-miss
69 http fetch GET 200 https://registry.npmjs.org/vitest 207ms (cache miss)
70 silly packumentCache full:https://registry.npmjs.org/vitest set size:undefined disposed:false
71 silly fetch manifest @edge-runtime/vm@*
72 silly packumentCache full:https://registry.npmjs.org/@edge-runtime%2fvm cache-miss
73 http fetch GET 200 https://registry.npmjs.org/@edge-runtime%2fvm 91ms (cache miss)
74 silly packumentCache full:https://registry.npmjs.org/@edge-runtime%2fvm set size:undefined disposed:false
75 silly fetch manifest @opentelemetry/api@^1.9.0
76 silly packumentCache full:https://registry.npmjs.org/@opentelemetry%2fapi cache-miss
77 http fetch GET 200 https://registry.npmjs.org/@opentelemetry%2fapi 85ms (cache miss)
78 silly packumentCache full:https://registry.npmjs.org/@opentelemetry%2fapi set size:undefined disposed:false
79 silly fetch manifest @vitest/browser-playwright@4.1.11
80 silly packumentCache full:https://registry.npmjs.org/@vitest%2fbrowser-playwright cache-miss
81 http fetch GET 200 https://registry.npmjs.org/@vitest%2fbrowser-playwright 70ms (cache miss)
82 silly packumentCache full:https://registry.npmjs.org/@vitest%2fbrowser-playwright set size:undefined disposed:false
83 silly fetch manifest playwright@*
84 silly packumentCache full:https://registry.npmjs.org/playwright cache-miss
85 http fetch GET 200 https://registry.npmjs.org/playwright 958ms (cache miss)
86 silly packumentCache full:https://registry.npmjs.org/playwright set size:undefined disposed:false
87 silly fetch manifest @vitest/browser-preview@4.1.11
88 silly packumentCache full:https://registry.npmjs.org/@vitest%2fbrowser-preview cache-miss
89 http fetch GET 200 https://registry.npmjs.org/@vitest%2fbrowser-preview 123ms (cache miss)
90 silly packumentCache full:https://registry.npmjs.org/@vitest%2fbrowser-preview set size:undefined disposed:false
91 silly fetch manifest @vitest/browser-webdriverio@4.1.11
92 silly packumentCache full:https://registry.npmjs.org/@vitest%2fbrowser-webdriverio cache-miss
93 http fetch GET 200 https://registry.npmjs.org/@vitest%2fbrowser-webdriverio 198ms (cache miss)
94 silly packumentCache full:https://registry.npmjs.org/@vitest%2fbrowser-webdriverio set size:undefined disposed:false
95 silly fetch manifest webdriverio@*
96 silly packumentCache full:https://registry.npmjs.org/webdriverio cache-miss
97 http fetch GET 200 https://registry.npmjs.org/webdriverio 129ms (cache miss)
98 silly packumentCache full:https://registry.npmjs.org/webdriverio set size:undefined disposed:false
99 silly fetch manifest puppeteer-core@>=22.x <=24.x
100 silly packumentCache full:https://registry.npmjs.org/puppeteer-core cache-miss
101 http fetch GET 200 https://registry.npmjs.org/puppeteer-core 146ms (cache miss)
102 silly packumentCache full:https://registry.npmjs.org/puppeteer-core set size:undefined disposed:false
103 silly fetch manifest @vitest/coverage-istanbul@4.1.11
104 silly packumentCache full:https://registry.npmjs.org/@vitest%2fcoverage-istanbul cache-miss
105 http fetch GET 200 https://registry.npmjs.org/@vitest%2fcoverage-istanbul 91ms (cache miss)
106 silly packumentCache full:https://registry.npmjs.org/@vitest%2fcoverage-istanbul set size:undefined disposed:false
107 silly fetch manifest @vitest/coverage-v8@4.1.11
108 silly packumentCache full:https://registry.npmjs.org/@vitest%2fcoverage-v8 cache-miss
109 http fetch GET 200 https://registry.npmjs.org/@vitest%2fcoverage-v8 263ms (cache miss)
110 silly packumentCache full:https://registry.npmjs.org/@vitest%2fcoverage-v8 set size:undefined disposed:false
111 silly fetch manifest @vitest/browser@4.1.11
112 silly packumentCache full:https://registry.npmjs.org/@vitest%2fbrowser cache-miss
113 http fetch GET 200 https://registry.npmjs.org/@vitest%2fbrowser 105ms (cache miss)
114 silly packumentCache full:https://registry.npmjs.org/@vitest%2fbrowser set size:undefined disposed:false
115 silly fetch manifest @vitest/ui@4.1.11
116 silly packumentCache full:https://registry.npmjs.org/@vitest%2fui cache-miss
117 http fetch GET 200 https://registry.npmjs.org/@vitest%2fui 118ms (cache miss)
118 silly packumentCache full:https://registry.npmjs.org/@vitest%2fui set size:undefined disposed:false
119 silly fetch manifest happy-dom@*
120 silly packumentCache full:https://registry.npmjs.org/happy-dom cache-miss
121 http fetch GET 200 https://registry.npmjs.org/happy-dom 118ms (cache miss)
122 silly packumentCache full:https://registry.npmjs.org/happy-dom set size:undefined disposed:false
123 silly fetch manifest jsdom@*
124 silly packumentCache full:https://registry.npmjs.org/jsdom cache-miss
125 http fetch GET 200 https://registry.npmjs.org/jsdom 88ms (cache miss)
126 silly packumentCache full:https://registry.npmjs.org/jsdom set size:undefined disposed:false
127 silly fetch manifest canvas@^3.2.3
128 silly packumentCache full:https://registry.npmjs.org/canvas cache-miss
129 http fetch GET 200 https://registry.npmjs.org/canvas 53ms (cache miss)
130 silly packumentCache full:https://registry.npmjs.org/canvas set size:undefined disposed:false
131 silly fetch manifest esbuild@^0.27.0 || ^0.28.0
132 silly packumentCache full:https://registry.npmjs.org/esbuild cache-miss
133 http fetch GET 200 https://registry.npmjs.org/esbuild 229ms (cache miss)
134 silly packumentCache full:https://registry.npmjs.org/esbuild set size:undefined disposed:false
135 silly fetch manifest jiti@>=1.21.0
136 silly packumentCache full:https://registry.npmjs.org/jiti cache-miss
137 http fetch GET 200 https://registry.npmjs.org/jiti 60ms (cache miss)
138 silly packumentCache full:https://registry.npmjs.org/jiti set size:undefined disposed:false
139 silly fetch manifest less@^4.0.0
140 silly packumentCache full:https://registry.npmjs.org/less cache-miss
141 http fetch GET 200 https://registry.npmjs.org/less 66ms (cache miss)
142 silly packumentCache full:https://registry.npmjs.org/less set size:undefined disposed:false
143 silly fetch manifest sass@^1.70.0
144 silly packumentCache full:https://registry.npmjs.org/sass cache-miss
145 http fetch GET 200 https://registry.npmjs.org/sass 119ms (cache miss)
146 silly packumentCache full:https://registry.npmjs.org/sass set size:undefined disposed:false
147 silly fetch manifest sass-embedded@^1.70.0
148 silly packumentCache full:https://registry.npmjs.org/sass-embedded cache-miss
149 http fetch GET 200 https://registry.npmjs.org/sass-embedded 59ms (cache miss)
150 silly packumentCache full:https://registry.npmjs.org/sass-embedded set size:undefined disposed:false
151 silly fetch manifest stylus@>=0.54.8
152 silly packumentCache full:https://registry.npmjs.org/stylus cache-miss
153 http fetch GET 200 https://registry.npmjs.org/stylus 52ms (cache miss)
154 silly packumentCache full:https://registry.npmjs.org/stylus set size:undefined disposed:false
155 silly fetch manifest sugarss@^5.0.0
156 silly packumentCache full:https://registry.npmjs.org/sugarss cache-miss
157 http fetch GET 200 https://registry.npmjs.org/sugarss 99ms (cache miss)
158 silly packumentCache full:https://registry.npmjs.org/sugarss set size:undefined disposed:false
159 silly fetch manifest postcss@^8.3.3
160 silly packumentCache full:https://registry.npmjs.org/postcss cache-miss
161 http fetch GET 200 https://registry.npmjs.org/postcss 64ms (cache miss)
162 silly packumentCache full:https://registry.npmjs.org/postcss set size:undefined disposed:false
163 silly fetch manifest terser@^5.16.0
164 silly packumentCache full:https://registry.npmjs.org/terser cache-miss
165 http fetch GET 200 https://registry.npmjs.org/terser 77ms (cache miss)
166 silly packumentCache full:https://registry.npmjs.org/terser set size:undefined disposed:false
167 silly fetch manifest tsx@^4.8.1
168 silly packumentCache full:https://registry.npmjs.org/tsx cache-miss
169 http fetch GET 200 https://registry.npmjs.org/tsx 77ms (cache miss)
170 silly packumentCache full:https://registry.npmjs.org/tsx set size:undefined disposed:false
171 silly fetch manifest yaml@^2.4.2
172 silly packumentCache full:https://registry.npmjs.org/yaml cache-miss
173 http fetch GET 200 https://registry.npmjs.org/yaml 59ms (cache miss)
174 silly packumentCache full:https://registry.npmjs.org/yaml set size:undefined disposed:false
175 silly fetch manifest babel-plugin-react-compiler@^1.0.0
176 silly packumentCache full:https://registry.npmjs.org/babel-plugin-react-compiler cache-miss
177 http fetch GET 200 https://registry.npmjs.org/babel-plugin-react-compiler 76ms (cache miss)
178 silly packumentCache full:https://registry.npmjs.org/babel-plugin-react-compiler set size:undefined disposed:false
179 silly fetch manifest oxc-transform-react@^0.145.0
180 silly packumentCache full:https://registry.npmjs.org/oxc-transform-react cache-miss
181 http fetch GET 200 https://registry.npmjs.org/oxc-transform-react 52ms (cache miss)
182 silly packumentCache full:https://registry.npmjs.org/oxc-transform-react set size:undefined disposed:false
183 silly fetch manifest axios@latest
184 silly packumentCache full:https://registry.npmjs.org/axios cache-miss
185 http fetch GET 200 https://registry.npmjs.org/axios 60ms (cache miss)
186 silly packumentCache full:https://registry.npmjs.org/axios set size:undefined disposed:false
187 silly fetch manifest lucide-react@latest
188 silly packumentCache full:https://registry.npmjs.org/lucide-react cache-miss
189 http fetch GET 200 https://registry.npmjs.org/lucide-react 129ms (cache miss)
190 silly packumentCache full:https://registry.npmjs.org/lucide-react set size:undefined disposed:false
191 silly fetch manifest react@latest
192 silly packumentCache full:https://registry.npmjs.org/react cache-miss
193 http fetch GET 200 https://registry.npmjs.org/react 400ms (cache miss)
194 silly packumentCache full:https://registry.npmjs.org/react set size:undefined disposed:false
195 silly fetch manifest react-dom@latest
196 silly packumentCache full:https://registry.npmjs.org/react-dom cache-miss
197 http fetch GET 200 https://registry.npmjs.org/react-dom 387ms (cache miss)
198 silly packumentCache full:https://registry.npmjs.org/react-dom set size:undefined disposed:false
199 silly fetch manifest react-router-dom@latest
200 silly packumentCache full:https://registry.npmjs.org/react-router-dom cache-miss
201 http fetch GET 200 https://registry.npmjs.org/react-router-dom 341ms (cache miss)
202 silly packumentCache full:https://registry.npmjs.org/react-router-dom set size:undefined disposed:false
203 silly fetch manifest recharts@latest
204 silly packumentCache full:https://registry.npmjs.org/recharts cache-miss
205 http fetch GET 200 https://registry.npmjs.org/recharts 86ms (cache miss)
206 silly packumentCache full:https://registry.npmjs.org/recharts set size:undefined disposed:false
207 silly fetch manifest react-is@^16.8.0 || ^17.0.0 || ^18.0.0 || ^19.0.0
208 silly packumentCache full:https://registry.npmjs.org/react-is cache-miss
209 http fetch GET 200 https://registry.npmjs.org/react-is 678ms (cache miss)
210 silly packumentCache full:https://registry.npmjs.org/react-is set size:undefined disposed:false
211 silly fetch manifest @eslint/js@latest
212 silly packumentCache full:https://registry.npmjs.org/@eslint%2fjs cache-miss
213 http fetch GET 200 https://registry.npmjs.org/@eslint%2fjs 65ms (cache miss)
214 silly packumentCache full:https://registry.npmjs.org/@eslint%2fjs set size:undefined disposed:false
215 silly fetch manifest eslint@latest
216 silly packumentCache full:https://registry.npmjs.org/eslint cache-miss
217 http fetch GET 200 https://registry.npmjs.org/eslint 114ms (cache miss)
218 silly packumentCache full:https://registry.npmjs.org/eslint set size:undefined disposed:false
219 silly fetch manifest jiti@*
220 silly packumentCache full:https://registry.npmjs.org/jiti cache-miss
221 http cache https://registry.npmjs.org/jiti 26ms (cache hit)
222 silly packumentCache full:https://registry.npmjs.org/jiti set size:387989 disposed:false
223 silly fetch manifest @types/react@latest
224 silly packumentCache full:https://registry.npmjs.org/@types%2freact cache-miss
225 http fetch GET 200 https://registry.npmjs.org/@types%2freact 214ms (cache miss)
226 silly packumentCache full:https://registry.npmjs.org/@types%2freact set size:undefined disposed:false
227 silly fetch manifest @types/react-dom@latest
228 silly packumentCache full:https://registry.npmjs.org/@types%2freact-dom cache-miss
229 http fetch GET 200 https://registry.npmjs.org/@types%2freact-dom 61ms (cache miss)
230 silly packumentCache full:https://registry.npmjs.org/@types%2freact-dom set size:undefined disposed:false
231 silly fetch manifest eslint-plugin-react-hooks@latest
232 silly packumentCache full:https://registry.npmjs.org/eslint-plugin-react-hooks cache-miss
233 http fetch GET 200 https://registry.npmjs.org/eslint-plugin-react-hooks 341ms (cache miss)
234 silly packumentCache full:https://registry.npmjs.org/eslint-plugin-react-hooks set size:undefined disposed:false
235 silly fetch manifest eslint-plugin-react-refresh@latest
236 silly packumentCache full:https://registry.npmjs.org/eslint-plugin-react-refresh cache-miss
237 http fetch GET 200 https://registry.npmjs.org/eslint-plugin-react-refresh 39ms (cache miss)
238 silly packumentCache full:https://registry.npmjs.org/eslint-plugin-react-refresh set size:undefined disposed:false
239 silly fetch manifest globals@latest
240 silly packumentCache full:https://registry.npmjs.org/globals cache-miss
241 http fetch GET 200 https://registry.npmjs.org/globals 60ms (cache miss)
242 silly packumentCache full:https://registry.npmjs.org/globals set size:undefined disposed:false
243 silly fetch manifest typescript@latest
244 silly packumentCache full:https://registry.npmjs.org/typescript cache-miss
245 http fetch GET 200 https://registry.npmjs.org/typescript 587ms (cache miss)
246 silly packumentCache full:https://registry.npmjs.org/typescript set size:undefined disposed:false
247 silly fetch manifest typescript-eslint@latest
248 silly packumentCache full:https://registry.npmjs.org/typescript-eslint cache-miss
249 http fetch GET 200 https://registry.npmjs.org/typescript-eslint 205ms (cache miss)
250 silly packumentCache full:https://registry.npmjs.org/typescript-eslint set size:undefined disposed:false
251 silly fetch manifest typescript@>=4.8.4 <6.1.0
252 silly packumentCache full:https://registry.npmjs.org/typescript cache-miss
253 http cache https://registry.npmjs.org/typescript 46ms (cache hit)
254 silly packumentCache full:https://registry.npmjs.org/typescript set size:15585119 disposed:false
255 silly placeDep ROOT @eslint/js@10.0.1 OK for: quran-sms-frontend@1.0.0 want: latest
256 silly placeDep ROOT @types/react@19.2.18 OK for: quran-sms-frontend@1.0.0 want: latest
257 silly placeDep ROOT @types/react-dom@19.2.4 OK for: quran-sms-frontend@1.0.0 want: latest
258 silly placeDep ROOT @vitejs/plugin-react@6.1.0 OK for: quran-sms-frontend@1.0.0 want: latest
259 silly placeDep ROOT vite@8.2.2 OK for: @vitejs/plugin-react@6.1.0 want: ^8.0.0
260 silly placeDep ROOT axios@1.19.0 OK for: quran-sms-frontend@1.0.0 want: latest
261 silly placeDep ROOT eslint@10.9.0 OK for: quran-sms-frontend@1.0.0 want: latest
262 silly placeDep ROOT eslint-plugin-react-hooks@7.1.1 OK for: quran-sms-frontend@1.0.0 want: latest
263 silly placeDep ROOT eslint-plugin-react-refresh@0.5.4 OK for: quran-sms-frontend@1.0.0 want: latest
264 silly placeDep ROOT globals@17.11.0 OK for: quran-sms-frontend@1.0.0 want: latest
265 silly placeDep ROOT lucide-react@1.33.0 OK for: quran-sms-frontend@1.0.0 want: latest
266 silly placeDep ROOT react@19.2.8 OK for: lucide-react@1.33.0 want: ^16.5.1 || ^17.0.0 || ^18.0.0 || ^19.0.0
267 silly placeDep ROOT react-dom@19.2.8 OK for: quran-sms-frontend@1.0.0 want: latest
268 silly placeDep ROOT react-router-dom@7.18.2 OK for: quran-sms-frontend@1.0.0 want: latest
269 silly placeDep ROOT recharts@3.10.1 OK for: quran-sms-frontend@1.0.0 want: latest
270 silly placeDep ROOT react-is@19.2.8 OK for: recharts@3.10.1 want: ^16.8.0 || ^17.0.0 || ^18.0.0 || ^19.0.0
271 silly placeDep ROOT typescript@7.0.2 OK for: quran-sms-frontend@1.0.0 want: latest
272 silly placeDep ROOT typescript-eslint@8.67.0 OK for: quran-sms-frontend@1.0.0 want: latest
273 silly placeDep ROOT typescript@6.0.3 REPLACE for: typescript-eslint@8.67.0 want: >=4.8.4 <6.1.0
274 silly fetch manifest csstype@^3.2.2
275 silly packumentCache full:https://registry.npmjs.org/csstype cache-miss
276 silly fetch manifest @rolldown/pluginutils@^1.0.1
277 silly packumentCache full:https://registry.npmjs.org/@rolldown%2fpluginutils cache-miss
278 silly fetch manifest postcss@^8.5.26
279 silly packumentCache full:https://registry.npmjs.org/postcss cache-miss
280 http cache https://registry.npmjs.org/postcss 122ms (cache hit)
281 silly packumentCache full:https://registry.npmjs.org/postcss set size:760024 disposed:false
282 silly fetch manifest rolldown@~1.2.4
283 silly packumentCache full:https://registry.npmjs.org/rolldown cache-miss
284 http cache https://registry.npmjs.org/rolldown 17ms (cache hit)
285 silly packumentCache full:https://registry.npmjs.org/rolldown set size:3795090 disposed:false
286 silly fetch manifest picomatch@^4.0.5
287 silly packumentCache full:https://registry.npmjs.org/picomatch cache-miss
288 http fetch GET 200 https://registry.npmjs.org/@rolldown%2fpluginutils 185ms (cache miss)
289 silly packumentCache full:https://registry.npmjs.org/@rolldown%2fpluginutils set size:undefined disposed:false
290 silly fetch manifest tinyglobby@^0.2.17
291 silly packumentCache full:https://registry.npmjs.org/tinyglobby cache-miss
292 http fetch GET 200 https://registry.npmjs.org/csstype 190ms (cache miss)
293 silly packumentCache full:https://registry.npmjs.org/csstype set size:undefined disposed:false
294 silly fetch manifest lightningcss@^1.33.0
295 silly packumentCache full:https://registry.npmjs.org/lightningcss cache-miss
296 http fetch GET 200 https://registry.npmjs.org/picomatch 66ms (cache miss)
297 silly packumentCache full:https://registry.npmjs.org/picomatch set size:undefined disposed:false
298 silly fetch manifest fsevents@~2.3.3
299 silly packumentCache full:https://registry.npmjs.org/fsevents cache-miss
300 http fetch GET 200 https://registry.npmjs.org/tinyglobby 69ms (cache miss)
301 silly packumentCache full:https://registry.npmjs.org/tinyglobby set size:undefined disposed:false
302 silly fetch manifest form-data@^4.0.6
303 silly packumentCache full:https://registry.npmjs.org/form-data cache-miss
304 http fetch GET 200 https://registry.npmjs.org/fsevents 60ms (cache miss)
305 silly packumentCache full:https://registry.npmjs.org/fsevents set size:undefined disposed:false
306 silly fetch manifest proxy-from-env@^2.1.0
307 silly packumentCache full:https://registry.npmjs.org/proxy-from-env cache-miss
308 http fetch GET 200 https://registry.npmjs.org/form-data 72ms (cache miss)
309 silly packumentCache full:https://registry.npmjs.org/form-data set size:undefined disposed:false
310 silly fetch manifest follow-redirects@^1.16.0
311 silly packumentCache full:https://registry.npmjs.org/follow-redirects cache-miss
312 http fetch GET 200 https://registry.npmjs.org/proxy-from-env 69ms (cache miss)
313 silly packumentCache full:https://registry.npmjs.org/proxy-from-env set size:undefined disposed:false
314 silly fetch manifest https-proxy-agent@^5.0.1
315 silly packumentCache full:https://registry.npmjs.org/https-proxy-agent cache-miss
316 http fetch GET 200 https://registry.npmjs.org/lightningcss 183ms (cache miss)
317 silly packumentCache full:https://registry.npmjs.org/lightningcss set size:undefined disposed:false
318 silly fetch manifest ajv@^6.14.0
319 silly packumentCache full:https://registry.npmjs.org/ajv cache-miss
320 http fetch GET 200 https://registry.npmjs.org/follow-redirects 92ms (cache miss)
321 silly packumentCache full:https://registry.npmjs.org/follow-redirects set size:undefined disposed:false
322 silly fetch manifest debug@^4.3.2
323 silly packumentCache full:https://registry.npmjs.org/debug cache-miss
324 http fetch GET 200 https://registry.npmjs.org/https-proxy-agent 59ms (cache miss)
325 silly packumentCache full:https://registry.npmjs.org/https-proxy-agent set size:undefined disposed:false
326 silly fetch manifest espree@^11.2.0
327 silly packumentCache full:https://registry.npmjs.org/espree cache-miss
328 http fetch GET 200 https://registry.npmjs.org/ajv 110ms (cache miss)
329 silly packumentCache full:https://registry.npmjs.org/ajv set size:undefined disposed:false
330 silly fetch manifest ignore@^5.2.0
331 silly packumentCache full:https://registry.npmjs.org/ignore cache-miss
332 http fetch GET 200 https://registry.npmjs.org/debug 78ms (cache miss)
333 silly packumentCache full:https://registry.npmjs.org/debug set size:undefined disposed:false
334 silly fetch manifest esquery@^1.7.0
335 silly packumentCache full:https://registry.npmjs.org/esquery cache-miss
336 http fetch GET 200 https://registry.npmjs.org/espree 82ms (cache miss)
337 silly packumentCache full:https://registry.npmjs.org/espree set size:undefined disposed:false
338 silly fetch manifest esutils@^2.0.2
339 silly packumentCache full:https://registry.npmjs.org/esutils cache-miss
340 http fetch GET 200 https://registry.npmjs.org/ignore 91ms (cache miss)
341 silly packumentCache full:https://registry.npmjs.org/ignore set size:undefined disposed:false
342 silly fetch manifest find-up@^5.0.0
343 silly packumentCache full:https://registry.npmjs.org/find-up cache-miss
344 http fetch GET 200 https://registry.npmjs.org/find-up 83ms (cache miss)
345 silly packumentCache full:https://registry.npmjs.org/find-up set size:undefined disposed:false
346 silly fetch manifest is-glob@^4.0.0
347 silly packumentCache full:https://registry.npmjs.org/is-glob cache-miss
348 http fetch GET 200 https://registry.npmjs.org/esquery 243ms (cache miss)
349 silly packumentCache full:https://registry.npmjs.org/esquery set size:undefined disposed:false
350 silly fetch manifest minimatch@^10.2.5
351 silly packumentCache full:https://registry.npmjs.org/minimatch cache-miss
352 http fetch GET 200 https://registry.npmjs.org/esutils 239ms (cache miss)
353 silly packumentCache full:https://registry.npmjs.org/esutils set size:undefined disposed:false
354 silly fetch manifest optionator@^0.9.3
355 silly packumentCache full:https://registry.npmjs.org/optionator cache-miss
356 http fetch GET 200 https://registry.npmjs.org/is-glob 82ms (cache miss)
357 silly packumentCache full:https://registry.npmjs.org/is-glob set size:undefined disposed:false
358 silly fetch manifest cross-spawn@^7.0.6
359 silly packumentCache full:https://registry.npmjs.org/cross-spawn cache-miss
360 http fetch GET 200 https://registry.npmjs.org/optionator 57ms (cache miss)
361 silly packumentCache full:https://registry.npmjs.org/optionator set size:undefined disposed:false
362 silly fetch manifest glob-parent@^6.0.2
363 silly packumentCache full:https://registry.npmjs.org/glob-parent cache-miss
364 http fetch GET 200 https://registry.npmjs.org/cross-spawn 79ms (cache miss)
365 silly packumentCache full:https://registry.npmjs.org/cross-spawn set size:undefined disposed:false
366 silly fetch manifest imurmurhash@^0.1.4
367 silly packumentCache full:https://registry.npmjs.org/imurmurhash cache-miss
368 http fetch GET 200 https://registry.npmjs.org/minimatch 111ms (cache miss)
369 silly packumentCache full:https://registry.npmjs.org/minimatch set size:undefined disposed:false
370 silly fetch manifest @eslint/core@^1.2.1
371 silly packumentCache full:https://registry.npmjs.org/@eslint%2fcore cache-miss
372 http fetch GET 200 https://registry.npmjs.org/imurmurhash 50ms (cache miss)
373 silly packumentCache full:https://registry.npmjs.org/imurmurhash set size:undefined disposed:false
374 silly fetch manifest eslint-scope@^9.1.2
375 silly packumentCache full:https://registry.npmjs.org/eslint-scope cache-miss
376 http fetch GET 200 https://registry.npmjs.org/glob-parent 78ms (cache miss)
377 silly packumentCache full:https://registry.npmjs.org/glob-parent set size:undefined disposed:false
378 silly fetch manifest @humanfs/node@^0.16.6
379 silly packumentCache full:https://registry.npmjs.org/@humanfs%2fnode cache-miss
380 http fetch GET 200 https://registry.npmjs.org/@eslint%2fcore 64ms (cache miss)
381 silly packumentCache full:https://registry.npmjs.org/@eslint%2fcore set size:undefined disposed:false
382 silly fetch manifest @types/estree@^1.0.6
383 silly packumentCache full:https://registry.npmjs.org/@types%2festree cache-miss
384 http fetch GET 200 https://registry.npmjs.org/eslint-scope 45ms (cache miss)
385 silly packumentCache full:https://registry.npmjs.org/eslint-scope set size:undefined disposed:false
386 silly fetch manifest fast-deep-equal@^3.1.3
387 silly packumentCache full:https://registry.npmjs.org/fast-deep-equal cache-miss
388 http fetch GET 200 https://registry.npmjs.org/@humanfs%2fnode 57ms (cache miss)
389 silly packumentCache full:https://registry.npmjs.org/@humanfs%2fnode set size:undefined disposed:false
390 silly fetch manifest natural-compare@^1.4.0
391 silly packumentCache full:https://registry.npmjs.org/natural-compare cache-miss
392 http fetch GET 200 https://registry.npmjs.org/fast-deep-equal 64ms (cache miss)
393 silly packumentCache full:https://registry.npmjs.org/fast-deep-equal set size:undefined disposed:false
394 silly fetch manifest file-entry-cache@^8.0.0
395 silly packumentCache full:https://registry.npmjs.org/file-entry-cache cache-miss
396 http fetch GET 200 https://registry.npmjs.org/@types%2festree 70ms (cache miss)
397 silly packumentCache full:https://registry.npmjs.org/@types%2festree set size:undefined disposed:false
398 silly fetch manifest @eslint/plugin-kit@^0.7.2
399 silly packumentCache full:https://registry.npmjs.org/@eslint%2fplugin-kit cache-miss
400 http fetch GET 200 https://registry.npmjs.org/natural-compare 95ms (cache miss)
401 silly packumentCache full:https://registry.npmjs.org/natural-compare set size:undefined disposed:false
402 silly fetch manifest eslint-visitor-keys@^5.0.1
403 silly packumentCache full:https://registry.npmjs.org/eslint-visitor-keys cache-miss
404 http fetch GET 200 https://registry.npmjs.org/file-entry-cache 50ms (cache miss)
405 silly packumentCache full:https://registry.npmjs.org/file-entry-cache set size:undefined disposed:false
406 silly fetch manifest @eslint/config-array@^0.23.5
407 silly packumentCache full:https://registry.npmjs.org/@eslint%2fconfig-array cache-miss
408 http fetch GET 200 https://registry.npmjs.org/eslint-visitor-keys 44ms (cache miss)
409 silly packumentCache full:https://registry.npmjs.org/eslint-visitor-keys set size:undefined disposed:false
410 silly fetch manifest @humanwhocodes/retry@^0.4.2
411 silly packumentCache full:https://registry.npmjs.org/@humanwhocodes%2fretry cache-miss
412 http fetch GET 200 https://registry.npmjs.org/@eslint%2fplugin-kit 107ms (cache miss)
413 silly packumentCache full:https://registry.npmjs.org/@eslint%2fplugin-kit set size:undefined disposed:false
414 silly fetch manifest escape-string-regexp@^4.0.0
415 silly packumentCache full:https://registry.npmjs.org/escape-string-regexp cache-miss
416 http fetch GET 200 https://registry.npmjs.org/@humanwhocodes%2fretry 60ms (cache miss)
417 silly packumentCache full:https://registry.npmjs.org/@humanwhocodes%2fretry set size:undefined disposed:false
418 silly fetch manifest @eslint/config-helpers@^0.7.0
419 silly packumentCache full:https://registry.npmjs.org/@eslint%2fconfig-helpers cache-miss
420 http fetch GET 200 https://registry.npmjs.org/@eslint%2fconfig-array 104ms (cache miss)
421 silly packumentCache full:https://registry.npmjs.org/@eslint%2fconfig-array set size:undefined disposed:false
422 silly fetch manifest @eslint-community/regexpp@^4.12.2
423 silly packumentCache full:https://registry.npmjs.org/@eslint-community%2fregexpp cache-miss
424 http fetch GET 200 https://registry.npmjs.org/escape-string-regexp 96ms (cache miss)
425 silly packumentCache full:https://registry.npmjs.org/escape-string-regexp set size:undefined disposed:false
426 silly fetch manifest @eslint-community/eslint-utils@^4.8.0
427 silly packumentCache full:https://registry.npmjs.org/@eslint-community%2feslint-utils cache-miss
428 http fetch GET 200 https://registry.npmjs.org/@eslint%2fconfig-helpers 96ms (cache miss)
429 silly packumentCache full:https://registry.npmjs.org/@eslint%2fconfig-helpers set size:undefined disposed:false
430 silly fetch manifest @humanwhocodes/module-importer@^1.0.1
431 silly packumentCache full:https://registry.npmjs.org/@humanwhocodes%2fmodule-importer cache-miss
432 http fetch GET 200 https://registry.npmjs.org/@eslint-community%2fregexpp 103ms (cache miss)
433 silly packumentCache full:https://registry.npmjs.org/@eslint-community%2fregexpp set size:undefined disposed:false
434 silly fetch manifest json-stable-stringify-without-jsonify@^1.0.1
435 silly packumentCache full:https://registry.npmjs.org/json-stable-stringify-without-jsonify cache-miss
436 http fetch GET 200 https://registry.npmjs.org/json-stable-stringify-without-jsonify 41ms (cache miss)
437 silly packumentCache full:https://registry.npmjs.org/json-stable-stringify-without-jsonify set size:undefined disposed:false
438 silly fetch manifest zod@^3.25.0 || ^4.0.0
439 silly packumentCache full:https://registry.npmjs.org/zod cache-miss
440 http fetch GET 200 https://registry.npmjs.org/zod 181ms (cache miss)
441 silly packumentCache full:https://registry.npmjs.org/zod set size:undefined disposed:false
442 silly fetch manifest @babel/core@^7.24.4
443 silly packumentCache full:https://registry.npmjs.org/@babel%2fcore cache-miss
444 http fetch GET 200 https://registry.npmjs.org/@humanwhocodes%2fmodule-importer 261ms (cache miss)
445 silly packumentCache full:https://registry.npmjs.org/@humanwhocodes%2fmodule-importer set size:undefined disposed:false
446 silly fetch manifest @babel/parser@^7.24.4
447 silly packumentCache full:https://registry.npmjs.org/@babel%2fparser cache-miss
448 http cache https://registry.npmjs.org/@babel%2fcore 13ms (cache hit)
449 silly packumentCache full:https://registry.npmjs.org/@babel%2fcore set size:788273 disposed:false
450 silly fetch manifest hermes-parser@^0.25.1
451 silly packumentCache full:https://registry.npmjs.org/hermes-parser cache-miss
452 http fetch GET 200 https://registry.npmjs.org/@eslint-community%2feslint-utils 447ms (cache miss)
453 silly packumentCache full:https://registry.npmjs.org/@eslint-community%2feslint-utils set size:undefined disposed:false
454 silly fetch manifest zod-validation-error@^3.5.0 || ^4.0.0
455 silly packumentCache full:https://registry.npmjs.org/zod-validation-error cache-miss
456 http fetch GET 200 https://registry.npmjs.org/hermes-parser 244ms (cache miss)
457 silly packumentCache full:https://registry.npmjs.org/hermes-parser set size:undefined disposed:false
458 silly fetch manifest scheduler@^0.27.0
459 silly packumentCache full:https://registry.npmjs.org/scheduler cache-miss
460 http fetch GET 200 https://registry.npmjs.org/@babel%2fparser 267ms (cache miss)
461 silly packumentCache full:https://registry.npmjs.org/@babel%2fparser set size:undefined disposed:false
462 silly fetch manifest react-router@7.18.2
463 silly packumentCache full:https://registry.npmjs.org/react-router cache-miss
464 http fetch GET 200 https://registry.npmjs.org/zod-validation-error 215ms (cache miss)
465 silly packumentCache full:https://registry.npmjs.org/zod-validation-error set size:undefined disposed:false
466 silly fetch manifest clsx@^2.1.1
467 silly packumentCache full:https://registry.npmjs.org/clsx cache-miss
468 http fetch GET 200 https://registry.npmjs.org/clsx 86ms (cache miss)
469 silly packumentCache full:https://registry.npmjs.org/clsx set size:undefined disposed:false
470 silly fetch manifest immer@^11.1.8
471 silly packumentCache full:https://registry.npmjs.org/immer cache-miss
472 http fetch GET 200 https://registry.npmjs.org/react-router 397ms (cache miss)
473 silly packumentCache full:https://registry.npmjs.org/react-router set size:undefined disposed:false
474 silly fetch manifest reselect@5.2.0
475 silly packumentCache full:https://registry.npmjs.org/reselect cache-miss
476 http fetch GET 200 https://registry.npmjs.org/immer 290ms (cache miss)
477 silly packumentCache full:https://registry.npmjs.org/immer set size:undefined disposed:false
478 silly fetch manifest es-toolkit@^1.39.3
479 silly packumentCache full:https://registry.npmjs.org/es-toolkit cache-miss
480 http fetch GET 200 https://registry.npmjs.org/scheduler 577ms (cache miss)
481 silly packumentCache full:https://registry.npmjs.org/scheduler set size:undefined disposed:false
482 silly fetch manifest react-redux@8.x.x || 9.x.x
483 silly packumentCache full:https://registry.npmjs.org/react-redux cache-miss
484 http fetch GET 200 https://registry.npmjs.org/reselect 321ms (cache miss)
485 silly packumentCache full:https://registry.npmjs.org/reselect set size:undefined disposed:false
486 silly fetch manifest eventemitter3@^5.0.1
487 silly packumentCache full:https://registry.npmjs.org/eventemitter3 cache-miss
488 http fetch GET 200 https://registry.npmjs.org/es-toolkit 319ms (cache miss)
489 silly packumentCache full:https://registry.npmjs.org/es-toolkit set size:undefined disposed:false
490 silly fetch manifest tiny-invariant@^1.3.3
491 silly packumentCache full:https://registry.npmjs.org/tiny-invariant cache-miss
492 http fetch GET 200 https://registry.npmjs.org/react-redux 297ms (cache miss)
493 silly packumentCache full:https://registry.npmjs.org/react-redux set size:undefined disposed:false
494 silly fetch manifest victory-vendor@^37.0.2
495 silly packumentCache full:https://registry.npmjs.org/victory-vendor cache-miss
496 http fetch GET 200 https://registry.npmjs.org/tiny-invariant 70ms (cache miss)
497 silly packumentCache full:https://registry.npmjs.org/tiny-invariant set size:undefined disposed:false
498 silly fetch manifest @reduxjs/toolkit@^1.9.0 || 2.x.x
499 silly packumentCache full:https://registry.npmjs.org/@reduxjs%2ftoolkit cache-miss
500 http fetch GET 200 https://registry.npmjs.org/eventemitter3 283ms (cache miss)
501 silly packumentCache full:https://registry.npmjs.org/eventemitter3 set size:undefined disposed:false
502 silly fetch manifest decimal.js-light@^2.5.1
503 silly packumentCache full:https://registry.npmjs.org/decimal.js-light cache-miss
504 http fetch GET 200 https://registry.npmjs.org/decimal.js-light 58ms (cache miss)
505 silly packumentCache full:https://registry.npmjs.org/decimal.js-light set size:undefined disposed:false
506 silly fetch manifest use-sync-external-store@^1.2.2
507 silly packumentCache full:https://registry.npmjs.org/use-sync-external-store cache-miss
508 http fetch GET 200 https://registry.npmjs.org/victory-vendor 241ms (cache miss)
509 silly packumentCache full:https://registry.npmjs.org/victory-vendor set size:undefined disposed:false
510 silly fetch manifest @typescript/typescript-aix-ppc64@7.0.2
511 silly packumentCache full:https://registry.npmjs.org/@typescript%2ftypescript-aix-ppc64 cache-miss
512 http fetch GET 200 https://registry.npmjs.org/@typescript%2ftypescript-aix-ppc64 596ms (cache miss)
513 silly packumentCache full:https://registry.npmjs.org/@typescript%2ftypescript-aix-ppc64 set size:undefined disposed:false
514 silly fetch manifest @typescript/typescript-linux-arm@7.0.2
515 silly packumentCache full:https://registry.npmjs.org/@typescript%2ftypescript-linux-arm cache-miss
516 http fetch GET 200 https://registry.npmjs.org/use-sync-external-store 643ms (cache miss)
517 silly packumentCache full:https://registry.npmjs.org/use-sync-external-store set size:undefined disposed:false
518 silly fetch manifest @typescript/typescript-linux-x64@7.0.2
519 silly packumentCache full:https://registry.npmjs.org/@typescript%2ftypescript-linux-x64 cache-miss
520 http fetch GET 200 https://registry.npmjs.org/@reduxjs%2ftoolkit 838ms (cache miss)
521 silly packumentCache full:https://registry.npmjs.org/@reduxjs%2ftoolkit set size:undefined disposed:false
522 silly fetch manifest @typescript/typescript-sunos-x64@7.0.2
523 silly packumentCache full:https://registry.npmjs.org/@typescript%2ftypescript-sunos-x64 cache-miss
524 http fetch GET 200 https://registry.npmjs.org/@typescript%2ftypescript-linux-arm 56ms (cache miss)
525 silly packumentCache full:https://registry.npmjs.org/@typescript%2ftypescript-linux-arm set size:undefined disposed:false
526 silly fetch manifest @typescript/typescript-win32-x64@7.0.2
527 silly packumentCache full:https://registry.npmjs.org/@typescript%2ftypescript-win32-x64 cache-miss
528 http fetch GET 200 https://registry.npmjs.org/@typescript%2ftypescript-sunos-x64 49ms (cache miss)
529 silly packumentCache full:https://registry.npmjs.org/@typescript%2ftypescript-sunos-x64 set size:undefined disposed:false
530 silly fetch manifest @typescript/typescript-darwin-x64@7.0.2
531 silly packumentCache full:https://registry.npmjs.org/@typescript%2ftypescript-darwin-x64 cache-miss
532 http fetch GET 200 https://registry.npmjs.org/@typescript%2ftypescript-win32-x64 61ms (cache miss)
533 silly packumentCache full:https://registry.npmjs.org/@typescript%2ftypescript-win32-x64 set size:undefined disposed:false
534 silly fetch manifest @typescript/typescript-netbsd-x64@7.0.2
535 silly packumentCache full:https://registry.npmjs.org/@typescript%2ftypescript-netbsd-x64 cache-miss
536 http fetch GET 200 https://registry.npmjs.org/@typescript%2ftypescript-netbsd-x64 62ms (cache miss)
537 silly packumentCache full:https://registry.npmjs.org/@typescript%2ftypescript-netbsd-x64 set size:undefined disposed:false
538 silly fetch manifest @typescript/typescript-freebsd-x64@7.0.2
539 silly packumentCache full:https://registry.npmjs.org/@typescript%2ftypescript-freebsd-x64 cache-miss
540 http fetch GET 200 https://registry.npmjs.org/@typescript%2ftypescript-linux-x64 526ms (cache miss)
541 silly packumentCache full:https://registry.npmjs.org/@typescript%2ftypescript-linux-x64 set size:undefined disposed:false
542 silly fetch manifest @typescript/typescript-linux-arm64@7.0.2
543 silly packumentCache full:https://registry.npmjs.org/@typescript%2ftypescript-linux-arm64 cache-miss
544 http fetch GET 200 https://registry.npmjs.org/@typescript%2ftypescript-freebsd-x64 600ms (cache miss)
545 silly packumentCache full:https://registry.npmjs.org/@typescript%2ftypescript-freebsd-x64 set size:undefined disposed:false
546 silly fetch manifest @typescript/typescript-linux-ppc64@7.0.2
547 silly packumentCache full:https://registry.npmjs.org/@typescript%2ftypescript-linux-ppc64 cache-miss
548 http fetch GET 200 https://registry.npmjs.org/@typescript%2ftypescript-darwin-x64 800ms (cache miss)
549 silly packumentCache full:https://registry.npmjs.org/@typescript%2ftypescript-darwin-x64 set size:undefined disposed:false
550 silly fetch manifest @typescript/typescript-linux-s390x@7.0.2
551 silly packumentCache full:https://registry.npmjs.org/@typescript%2ftypescript-linux-s390x cache-miss
552 http fetch GET 200 https://registry.npmjs.org/@typescript%2ftypescript-linux-arm64 598ms (cache miss)
553 silly packumentCache full:https://registry.npmjs.org/@typescript%2ftypescript-linux-arm64 set size:undefined disposed:false
554 silly fetch manifest @typescript/typescript-openbsd-x64@7.0.2
555 silly packumentCache full:https://registry.npmjs.org/@typescript%2ftypescript-openbsd-x64 cache-miss
556 http fetch GET 200 https://registry.npmjs.org/@typescript%2ftypescript-linux-ppc64 573ms (cache miss)
557 silly packumentCache full:https://registry.npmjs.org/@typescript%2ftypescript-linux-ppc64 set size:undefined disposed:false
558 silly fetch manifest @typescript/typescript-win32-arm64@7.0.2
559 silly packumentCache full:https://registry.npmjs.org/@typescript%2ftypescript-win32-arm64 cache-miss
560 http fetch GET 200 https://registry.npmjs.org/@typescript%2ftypescript-linux-s390x 727ms (cache miss)
561 silly packumentCache full:https://registry.npmjs.org/@typescript%2ftypescript-linux-s390x set size:undefined disposed:false
562 silly fetch manifest @typescript/typescript-darwin-arm64@7.0.2
563 silly packumentCache full:https://registry.npmjs.org/@typescript%2ftypescript-darwin-arm64 cache-miss
564 http fetch GET 200 https://registry.npmjs.org/@typescript%2ftypescript-openbsd-x64 632ms (cache miss)
565 silly packumentCache full:https://registry.npmjs.org/@typescript%2ftypescript-openbsd-x64 set size:undefined disposed:false
566 silly fetch manifest @typescript/typescript-netbsd-arm64@7.0.2
567 silly packumentCache full:https://registry.npmjs.org/@typescript%2ftypescript-netbsd-arm64 cache-miss
568 http fetch GET 200 https://registry.npmjs.org/@typescript%2ftypescript-win32-arm64 597ms (cache miss)
569 silly packumentCache full:https://registry.npmjs.org/@typescript%2ftypescript-win32-arm64 set size:undefined disposed:false
570 silly fetch manifest @typescript/typescript-freebsd-arm64@7.0.2
571 silly packumentCache full:https://registry.npmjs.org/@typescript%2ftypescript-freebsd-arm64 cache-miss
572 http fetch GET 200 https://registry.npmjs.org/@typescript%2ftypescript-darwin-arm64 625ms (cache miss)
573 silly packumentCache full:https://registry.npmjs.org/@typescript%2ftypescript-darwin-arm64 set size:undefined disposed:false
574 silly fetch manifest @typescript/typescript-linux-loong64@7.0.2
575 silly packumentCache full:https://registry.npmjs.org/@typescript%2ftypescript-linux-loong64 cache-miss
576 http fetch GET 200 https://registry.npmjs.org/@typescript%2ftypescript-netbsd-arm64 675ms (cache miss)
577 silly packumentCache full:https://registry.npmjs.org/@typescript%2ftypescript-netbsd-arm64 set size:undefined disposed:false
578 silly fetch manifest @typescript/typescript-linux-riscv64@7.0.2
579 silly packumentCache full:https://registry.npmjs.org/@typescript%2ftypescript-linux-riscv64 cache-miss
580 http fetch GET 200 https://registry.npmjs.org/@typescript%2ftypescript-freebsd-arm64 867ms (cache miss)
581 silly packumentCache full:https://registry.npmjs.org/@typescript%2ftypescript-freebsd-arm64 set size:undefined disposed:false
582 silly fetch manifest @typescript/typescript-openbsd-arm64@7.0.2
583 silly packumentCache full:https://registry.npmjs.org/@typescript%2ftypescript-openbsd-arm64 cache-miss
584 http fetch GET 200 https://registry.npmjs.org/@typescript%2ftypescript-linux-loong64 610ms (cache miss)
585 silly packumentCache full:https://registry.npmjs.org/@typescript%2ftypescript-linux-loong64 set size:undefined disposed:false
586 silly fetch manifest @typescript/typescript-linux-mips64el@7.0.2
587 silly packumentCache full:https://registry.npmjs.org/@typescript%2ftypescript-linux-mips64el cache-miss
588 http fetch GET 200 https://registry.npmjs.org/@typescript%2ftypescript-linux-riscv64 596ms (cache miss)
589 silly packumentCache full:https://registry.npmjs.org/@typescript%2ftypescript-linux-riscv64 set size:undefined disposed:false
590 silly fetch manifest @typescript-eslint/utils@8.67.0
591 silly packumentCache full:https://registry.npmjs.org/@typescript-eslint%2futils cache-miss
592 http fetch GET 200 https://registry.npmjs.org/@typescript%2ftypescript-openbsd-arm64 331ms (cache miss)
593 silly packumentCache full:https://registry.npmjs.org/@typescript%2ftypescript-openbsd-arm64 set size:undefined disposed:false
594 silly fetch manifest @typescript-eslint/parser@8.67.0
595 silly packumentCache full:https://registry.npmjs.org/@typescript-eslint%2fparser cache-miss
596 http fetch GET 200 https://registry.npmjs.org/@typescript%2ftypescript-linux-mips64el 334ms (cache miss)
597 silly packumentCache full:https://registry.npmjs.org/@typescript%2ftypescript-linux-mips64el set size:undefined disposed:false
598 silly fetch manifest @typescript-eslint/eslint-plugin@8.67.0
599 silly packumentCache full:https://registry.npmjs.org/@typescript-eslint%2feslint-plugin cache-miss
600 http fetch GET 200 https://registry.npmjs.org/@typescript-eslint%2futils 821ms (cache miss)
601 silly packumentCache full:https://registry.npmjs.org/@typescript-eslint%2futils set size:undefined disposed:false
602 silly fetch manifest @typescript-eslint/typescript-estree@8.67.0
603 silly packumentCache full:https://registry.npmjs.org/@typescript-eslint%2ftypescript-estree cache-miss
604 http fetch GET 200 https://registry.npmjs.org/@typescript-eslint%2feslint-plugin 3935ms (cache miss)
605 silly packumentCache full:https://registry.npmjs.org/@typescript-eslint%2feslint-plugin set size:undefined disposed:false
606 http fetch GET 200 https://registry.npmjs.org/@typescript-eslint%2ftypescript-estree 3314ms (cache miss)
607 silly packumentCache full:https://registry.npmjs.org/@typescript-eslint%2ftypescript-estree set size:undefined disposed:false
608 http fetch GET 200 https://registry.npmjs.org/@typescript-eslint%2fparser 4214ms (cache miss)
609 silly packumentCache full:https://registry.npmjs.org/@typescript-eslint%2fparser set size:undefined disposed:false
610 silly placeDep ROOT csstype@3.2.3 OK for: @types/react@19.2.18 want: ^3.2.2
611 silly placeDep ROOT @rolldown/pluginutils@1.0.1 OK for: @vitejs/plugin-react@6.1.0 want: ^1.0.1
612 silly placeDep ROOT follow-redirects@1.16.0 OK for: axios@1.19.0 want: ^1.16.0
613 silly placeDep ROOT form-data@4.0.6 OK for: axios@1.19.0 want: ^4.0.6
614 silly placeDep ROOT https-proxy-agent@5.0.1 OK for: axios@1.19.0 want: ^5.0.1
615 silly placeDep ROOT proxy-from-env@2.1.0 OK for: axios@1.19.0 want: ^2.1.0
616 silly fetch manifest hasown@^2.0.4
617 silly packumentCache full:https://registry.npmjs.org/hasown cache-miss
618 silly fetch manifest asynckit@^0.4.0
619 silly packumentCache full:https://registry.npmjs.org/asynckit cache-miss
620 silly fetch manifest mime-types@^2.1.35
621 silly packumentCache full:https://registry.npmjs.org/mime-types cache-miss
622 http fetch GET 200 https://registry.npmjs.org/hasown 81ms (cache miss)
623 silly packumentCache full:https://registry.npmjs.org/hasown set size:undefined disposed:false
624 silly fetch manifest combined-stream@^1.0.8
625 silly packumentCache full:https://registry.npmjs.org/combined-stream cache-miss
626 http fetch GET 200 https://registry.npmjs.org/asynckit 84ms (cache miss)
627 silly packumentCache full:https://registry.npmjs.org/asynckit set size:undefined disposed:false
628 silly fetch manifest es-set-tostringtag@^2.1.0
629 silly packumentCache full:https://registry.npmjs.org/es-set-tostringtag cache-miss
630 http fetch GET 200 https://registry.npmjs.org/mime-types 87ms (cache miss)
631 silly packumentCache full:https://registry.npmjs.org/mime-types set size:undefined disposed:false
632 silly fetch manifest debug@4
633 silly packumentCache full:https://registry.npmjs.org/debug cache-miss
634 http cache https://registry.npmjs.org/debug 12ms (cache hit)
635 silly packumentCache full:https://registry.npmjs.org/debug set size:195840 disposed:false
636 silly fetch manifest agent-base@6
637 silly packumentCache full:https://registry.npmjs.org/agent-base cache-miss
638 http fetch GET 200 https://registry.npmjs.org/combined-stream 52ms (cache miss)
639 silly packumentCache full:https://registry.npmjs.org/combined-stream set size:undefined disposed:false
640 http fetch GET 200 https://registry.npmjs.org/es-set-tostringtag 53ms (cache miss)
641 silly packumentCache full:https://registry.npmjs.org/es-set-tostringtag set size:undefined disposed:false
642 http fetch GET 200 https://registry.npmjs.org/agent-base 52ms (cache miss)
643 silly packumentCache full:https://registry.npmjs.org/agent-base set size:undefined disposed:false
644 silly fetch manifest eslint@^6.0.0 || ^7.0.0 || >=8.0.0
645 silly packumentCache full:https://registry.npmjs.org/eslint cache-miss
646 http cache https://registry.npmjs.org/eslint 11ms (cache hit)
647 silly packumentCache full:https://registry.npmjs.org/eslint set size:2062456 disposed:false
648 silly placeDep ROOT @eslint-community/eslint-utils@4.10.1 OK for: eslint@10.9.0 want: ^4.8.0
649 silly placeDep ROOT @eslint-community/regexpp@4.12.2 OK for: eslint@10.9.0 want: ^4.12.2
650 silly placeDep ROOT @eslint/config-array@0.23.5 OK for: eslint@10.9.0 want: ^0.23.5
651 silly placeDep ROOT @eslint/config-helpers@0.7.0 OK for: eslint@10.9.0 want: ^0.7.0
652 silly placeDep ROOT @eslint/core@1.2.1 OK for: eslint@10.9.0 want: ^1.2.1
653 silly placeDep ROOT @eslint/plugin-kit@0.7.2 OK for: eslint@10.9.0 want: ^0.7.2
654 silly placeDep ROOT @humanfs/node@0.16.8 OK for: eslint@10.9.0 want: ^0.16.6
655 silly placeDep ROOT @humanwhocodes/module-importer@1.0.1 OK for: eslint@10.9.0 want: ^1.0.1
656 silly placeDep ROOT @humanwhocodes/retry@0.4.3 OK for: eslint@10.9.0 want: ^0.4.2
657 silly placeDep ROOT @types/estree@1.0.9 OK for: eslint@10.9.0 want: ^1.0.6
658 silly placeDep ROOT ajv@6.15.0 OK for: eslint@10.9.0 want: ^6.14.0
659 silly placeDep ROOT cross-spawn@7.0.6 OK for: eslint@10.9.0 want: ^7.0.6
660 silly placeDep ROOT debug@4.4.3 OK for: eslint@10.9.0 want: ^4.3.2
661 silly placeDep ROOT escape-string-regexp@4.0.0 OK for: eslint@10.9.0 want: ^4.0.0
662 silly placeDep ROOT eslint-scope@9.1.2 OK for: eslint@10.9.0 want: ^9.1.2
663 silly placeDep ROOT eslint-visitor-keys@5.0.1 OK for: eslint@10.9.0 want: ^5.0.1
664 silly placeDep ROOT espree@11.2.0 OK for: eslint@10.9.0 want: ^11.2.0
665 silly placeDep ROOT esquery@1.7.0 OK for: eslint@10.9.0 want: ^1.7.0
666 silly placeDep ROOT esutils@2.0.3 OK for: eslint@10.9.0 want: ^2.0.2
667 silly placeDep ROOT fast-deep-equal@3.1.3 OK for: eslint@10.9.0 want: ^3.1.3
668 silly placeDep ROOT file-entry-cache@8.0.0 OK for: eslint@10.9.0 want: ^8.0.0
669 silly placeDep ROOT find-up@5.0.0 OK for: eslint@10.9.0 want: ^5.0.0
670 silly placeDep ROOT glob-parent@6.0.2 OK for: eslint@10.9.0 want: ^6.0.2
671 silly placeDep ROOT ignore@5.3.2 OK for: eslint@10.9.0 want: ^5.2.0
672 silly placeDep ROOT imurmurhash@0.1.4 OK for: eslint@10.9.0 want: ^0.1.4
673 silly placeDep ROOT is-glob@4.0.3 OK for: eslint@10.9.0 want: ^4.0.0
674 silly placeDep ROOT json-stable-stringify-without-jsonify@1.0.1 OK for: eslint@10.9.0 want: ^1.0.1
675 silly placeDep ROOT minimatch@10.2.6 OK for: eslint@10.9.0 want: ^10.2.5
676 silly placeDep ROOT natural-compare@1.4.0 OK for: eslint@10.9.0 want: ^1.4.0
677 silly placeDep ROOT optionator@0.9.4 OK for: eslint@10.9.0 want: ^0.9.3
678 silly fetch manifest eslint-visitor-keys@^3.4.3
679 silly packumentCache full:https://registry.npmjs.org/eslint-visitor-keys cache-miss
680 silly fetch manifest @eslint/object-schema@^3.0.5
681 silly packumentCache full:https://registry.npmjs.org/@eslint%2fobject-schema cache-miss
682 silly fetch manifest debug@^4.3.1
683 silly packumentCache full:https://registry.npmjs.org/debug cache-hit
684 silly fetch manifest minimatch@^10.2.4
685 silly packumentCache full:https://registry.npmjs.org/minimatch cache-miss
686 http cache https://registry.npmjs.org/eslint-visitor-keys 18ms (cache hit)
687 silly packumentCache full:https://registry.npmjs.org/eslint-visitor-keys set size:69949 disposed:false
688 silly fetch manifest @types/json-schema@^7.0.15
689 silly packumentCache full:https://registry.npmjs.org/@types%2fjson-schema cache-miss
690 http cache https://registry.npmjs.org/minimatch 19ms (cache hit)
691 silly packumentCache full:https://registry.npmjs.org/minimatch set size:377924 disposed:false
692 silly fetch manifest levn@^0.4.1
693 silly packumentCache full:https://registry.npmjs.org/levn cache-miss
694 http fetch GET 200 https://registry.npmjs.org/levn 199ms (cache miss)
695 silly packumentCache full:https://registry.npmjs.org/levn set size:undefined disposed:false
696 silly fetch manifest @humanwhocodes/retry@^0.4.0
697 silly packumentCache full:https://registry.npmjs.org/@humanwhocodes%2fretry cache-miss
698 http fetch GET 200 https://registry.npmjs.org/@types%2fjson-schema 315ms (cache miss)
699 silly packumentCache full:https://registry.npmjs.org/@types%2fjson-schema set size:undefined disposed:false
700 silly fetch manifest @humanfs/core@^0.19.2
701 silly packumentCache full:https://registry.npmjs.org/@humanfs%2fcore cache-miss
702 http cache https://registry.npmjs.org/@humanwhocodes%2fretry 113ms (cache hit)
703 silly packumentCache full:https://registry.npmjs.org/@humanwhocodes%2fretry set size:42348 disposed:false
704 silly fetch manifest @humanfs/types@^0.15.0
705 silly packumentCache full:https://registry.npmjs.org/@humanfs%2ftypes cache-miss
706 http fetch GET 200 https://registry.npmjs.org/@humanfs%2fcore 121ms (cache miss)
707 silly packumentCache full:https://registry.npmjs.org/@humanfs%2fcore set size:undefined disposed:false
708 silly fetch manifest uri-js@^4.2.2
709 silly packumentCache full:https://registry.npmjs.org/uri-js cache-miss
710 http fetch GET 200 https://registry.npmjs.org/@eslint%2fobject-schema 459ms (cache miss)
711 silly packumentCache full:https://registry.npmjs.org/@eslint%2fobject-schema set size:undefined disposed:false
712 silly fetch manifest fast-deep-equal@^3.1.1
713 silly packumentCache full:https://registry.npmjs.org/fast-deep-equal cache-miss
714 http fetch GET 200 https://registry.npmjs.org/@humanfs%2ftypes 168ms (cache miss)
715 silly packumentCache full:https://registry.npmjs.org/@humanfs%2ftypes set size:undefined disposed:false
716 silly fetch manifest json-schema-traverse@^0.4.1
717 silly packumentCache full:https://registry.npmjs.org/json-schema-traverse cache-miss
718 http cache https://registry.npmjs.org/fast-deep-equal 200ms (cache hit)
719 silly packumentCache full:https://registry.npmjs.org/fast-deep-equal set size:48634 disposed:false
720 silly fetch manifest fast-json-stable-stringify@^2.0.0
721 silly packumentCache full:https://registry.npmjs.org/fast-json-stable-stringify cache-miss
722 http fetch GET 200 https://registry.npmjs.org/json-schema-traverse 155ms (cache miss)
723 silly packumentCache full:https://registry.npmjs.org/json-schema-traverse set size:undefined disposed:false
724 silly fetch manifest which@^2.0.1
725 silly packumentCache full:https://registry.npmjs.org/which cache-miss
726 http fetch GET 200 https://registry.npmjs.org/uri-js 210ms (cache miss)
727 silly packumentCache full:https://registry.npmjs.org/uri-js set size:undefined disposed:false
728 silly fetch manifest path-key@^3.1.0
729 silly packumentCache full:https://registry.npmjs.org/path-key cache-miss
730 http fetch GET 200 https://registry.npmjs.org/fast-json-stable-stringify 82ms (cache miss)
731 silly packumentCache full:https://registry.npmjs.org/fast-json-stable-stringify set size:undefined disposed:false
732 silly fetch manifest shebang-command@^2.0.0
733 silly packumentCache full:https://registry.npmjs.org/shebang-command cache-miss
734 http fetch GET 200 https://registry.npmjs.org/path-key 125ms (cache miss)
735 silly packumentCache full:https://registry.npmjs.org/path-key set size:undefined disposed:false
736 silly fetch manifest ms@^2.1.3
737 silly packumentCache full:https://registry.npmjs.org/ms cache-miss
738 http fetch GET 200 https://registry.npmjs.org/which 132ms (cache miss)
739 silly packumentCache full:https://registry.npmjs.org/which set size:undefined disposed:false
740 silly fetch manifest @types/esrecurse@^4.3.1
741 silly packumentCache full:https://registry.npmjs.org/@types%2fesrecurse cache-miss
742 http fetch GET 200 https://registry.npmjs.org/shebang-command 85ms (cache miss)
743 silly packumentCache full:https://registry.npmjs.org/shebang-command set size:undefined disposed:false
744 silly fetch manifest esrecurse@^4.3.0
745 silly packumentCache full:https://registry.npmjs.org/esrecurse cache-miss
746 http fetch GET 200 https://registry.npmjs.org/ms 48ms (cache miss)
747 silly packumentCache full:https://registry.npmjs.org/ms set size:undefined disposed:false
748 silly fetch manifest estraverse@^5.2.0
749 silly packumentCache full:https://registry.npmjs.org/estraverse cache-miss
750 http fetch GET 200 https://registry.npmjs.org/esrecurse 47ms (cache miss)
751 silly packumentCache full:https://registry.npmjs.org/esrecurse set size:undefined disposed:false
752 silly fetch manifest acorn@^8.16.0
753 silly packumentCache full:https://registry.npmjs.org/acorn cache-miss
754 http fetch GET 200 https://registry.npmjs.org/estraverse 67ms (cache miss)
755 silly packumentCache full:https://registry.npmjs.org/estraverse set size:undefined disposed:false
756 silly fetch manifest acorn-jsx@^5.3.2
757 silly packumentCache full:https://registry.npmjs.org/acorn-jsx cache-miss
758 http fetch GET 200 https://registry.npmjs.org/acorn 80ms (cache miss)
759 silly packumentCache full:https://registry.npmjs.org/acorn set size:undefined disposed:false
760 silly fetch manifest estraverse@^5.1.0
761 silly packumentCache full:https://registry.npmjs.org/estraverse cache-miss
762 http cache https://registry.npmjs.org/estraverse 8ms (cache hit)
763 silly packumentCache full:https://registry.npmjs.org/estraverse set size:62412 disposed:false
764 silly fetch manifest flat-cache@^4.0.0
765 silly packumentCache full:https://registry.npmjs.org/flat-cache cache-miss
766 http fetch GET 200 https://registry.npmjs.org/acorn-jsx 61ms (cache miss)
767 silly packumentCache full:https://registry.npmjs.org/acorn-jsx set size:undefined disposed:false
768 silly fetch manifest locate-path@^6.0.0
769 silly packumentCache full:https://registry.npmjs.org/locate-path cache-miss
770 http fetch GET 200 https://registry.npmjs.org/locate-path 77ms (cache miss)
771 silly packumentCache full:https://registry.npmjs.org/locate-path set size:undefined disposed:false
772 silly fetch manifest path-exists@^4.0.0
773 silly packumentCache full:https://registry.npmjs.org/path-exists cache-miss
774 http fetch GET 200 https://registry.npmjs.org/flat-cache 90ms (cache miss)
775 silly packumentCache full:https://registry.npmjs.org/flat-cache set size:undefined disposed:false
776 silly fetch manifest is-glob@^4.0.3
777 silly packumentCache full:https://registry.npmjs.org/is-glob cache-miss
778 http cache https://registry.npmjs.org/is-glob 9ms (cache hit)
779 silly packumentCache full:https://registry.npmjs.org/is-glob set size:40530 disposed:false
780 silly fetch manifest is-extglob@^2.1.1
781 silly packumentCache full:https://registry.npmjs.org/is-extglob cache-miss
782 http fetch GET 200 https://registry.npmjs.org/path-exists 69ms (cache miss)
783 silly packumentCache full:https://registry.npmjs.org/path-exists set size:undefined disposed:false
784 silly fetch manifest brace-expansion@^5.0.8
785 silly packumentCache full:https://registry.npmjs.org/brace-expansion cache-miss
786 http fetch GET 200 https://registry.npmjs.org/is-extglob 52ms (cache miss)
787 silly packumentCache full:https://registry.npmjs.org/is-extglob set size:undefined disposed:false
788 silly fetch manifest prelude-ls@^1.2.1
789 silly packumentCache full:https://registry.npmjs.org/prelude-ls cache-miss
790 http fetch GET 200 https://registry.npmjs.org/@types%2fesrecurse 404ms (cache miss)
791 silly packumentCache full:https://registry.npmjs.org/@types%2fesrecurse set size:undefined disposed:false
792 silly fetch manifest deep-is@^0.1.3
793 silly packumentCache full:https://registry.npmjs.org/deep-is cache-miss
794 http fetch GET 200 https://registry.npmjs.org/brace-expansion 82ms (cache miss)
795 silly packumentCache full:https://registry.npmjs.org/brace-expansion set size:undefined disposed:false
796 silly fetch manifest word-wrap@^1.2.5
797 silly packumentCache full:https://registry.npmjs.org/word-wrap cache-miss
798 http fetch GET 200 https://registry.npmjs.org/prelude-ls 83ms (cache miss)
799 silly packumentCache full:https://registry.npmjs.org/prelude-ls set size:undefined disposed:false
800 silly fetch manifest type-check@^0.4.0
801 silly packumentCache full:https://registry.npmjs.org/type-check cache-miss
802 http fetch GET 200 https://registry.npmjs.org/type-check 47ms (cache miss)
803 silly packumentCache full:https://registry.npmjs.org/type-check set size:undefined disposed:false
804 silly fetch manifest fast-levenshtein@^2.0.6
805 silly packumentCache full:https://registry.npmjs.org/fast-levenshtein cache-miss
806 http fetch GET 200 https://registry.npmjs.org/deep-is 57ms (cache miss)
807 silly packumentCache full:https://registry.npmjs.org/deep-is set size:undefined disposed:false
808 http fetch GET 200 https://registry.npmjs.org/word-wrap 66ms (cache miss)
809 silly packumentCache full:https://registry.npmjs.org/word-wrap set size:undefined disposed:false
810 http fetch GET 200 https://registry.npmjs.org/fast-levenshtein 62ms (cache miss)
811 silly packumentCache full:https://registry.npmjs.org/fast-levenshtein set size:undefined disposed:false
812 silly placeDep node_modules/@eslint-community/eslint-utils eslint-visitor-keys@3.4.3 OK for: @eslint-community/eslint-utils@4.10.1 want: ^3.4.3
813 silly placeDep ROOT @eslint/object-schema@3.0.5 OK for: @eslint/config-array@0.23.5 want: ^3.0.5
814 silly placeDep ROOT @types/json-schema@7.0.15 OK for: @eslint/core@1.2.1 want: ^7.0.15
815 silly placeDep ROOT levn@0.4.1 OK for: @eslint/plugin-kit@0.7.2 want: ^0.4.1
816 silly fetch manifest type-check@~0.4.0
817 silly packumentCache full:https://registry.npmjs.org/type-check cache-miss
818 http cache https://registry.npmjs.org/type-check 7ms (cache hit)
819 silly packumentCache full:https://registry.npmjs.org/type-check set size:21221 disposed:false
820 silly placeDep ROOT @humanfs/core@0.19.2 OK for: @humanfs/node@0.16.8 want: ^0.19.2
821 silly placeDep ROOT @humanfs/types@0.15.0 OK for: @humanfs/node@0.16.8 want: ^0.15.0
822 silly placeDep ROOT fast-json-stable-stringify@2.1.0 OK for: ajv@6.15.0 want: ^2.0.0
823 silly placeDep ROOT json-schema-traverse@0.4.1 OK for: ajv@6.15.0 want: ^0.4.1
824 silly placeDep ROOT uri-js@4.4.1 OK for: ajv@6.15.0 want: ^4.2.2
825 silly fetch manifest punycode@^2.1.0
826 silly packumentCache full:https://registry.npmjs.org/punycode cache-miss
827 http fetch GET 200 https://registry.npmjs.org/punycode 84ms (cache miss)
828 silly packumentCache full:https://registry.npmjs.org/punycode set size:undefined disposed:false
829 silly placeDep ROOT path-key@3.1.1 OK for: cross-spawn@7.0.6 want: ^3.1.0
830 silly placeDep ROOT shebang-command@2.0.0 OK for: cross-spawn@7.0.6 want: ^2.0.0
831 silly placeDep ROOT which@2.0.2 OK for: cross-spawn@7.0.6 want: ^2.0.1
832 silly fetch manifest shebang-regex@^3.0.0
833 silly packumentCache full:https://registry.npmjs.org/shebang-regex cache-miss
834 silly fetch manifest isexe@^2.0.0
835 silly packumentCache full:https://registry.npmjs.org/isexe cache-miss
836 http fetch GET 200 https://registry.npmjs.org/shebang-regex 140ms (cache miss)
837 silly packumentCache full:https://registry.npmjs.org/shebang-regex set size:undefined disposed:false
838 http fetch GET 200 https://registry.npmjs.org/isexe 145ms (cache miss)
839 silly packumentCache full:https://registry.npmjs.org/isexe set size:undefined disposed:false
840 silly placeDep ROOT ms@2.1.3 OK for: debug@4.4.3 want: ^2.1.3
841 silly placeDep ROOT @babel/core@7.29.7 OK for: eslint-plugin-react-hooks@7.1.1 want: ^7.24.4
842 silly placeDep ROOT @babel/parser@7.29.8 OK for: eslint-plugin-react-hooks@7.1.1 want: ^7.24.4
843 silly placeDep ROOT hermes-parser@0.25.1 OK for: eslint-plugin-react-hooks@7.1.1 want: ^0.25.1
844 silly placeDep ROOT zod@4.4.3 OK for: eslint-plugin-react-hooks@7.1.1 want: ^3.25.0 || ^4.0.0
845 silly placeDep ROOT zod-validation-error@4.0.2 OK for: eslint-plugin-react-hooks@7.1.1 want: ^3.5.0 || ^4.0.0
846 silly fetch manifest json5@^2.2.3
847 silly packumentCache full:https://registry.npmjs.org/json5 cache-miss
848 silly fetch manifest semver@^6.3.1
849 silly packumentCache full:https://registry.npmjs.org/semver cache-miss
850 silly fetch manifest gensync@^1.0.0-beta.2
851 silly packumentCache full:https://registry.npmjs.org/gensync cache-miss
852 http fetch GET 200 https://registry.npmjs.org/gensync 96ms (cache miss)
853 silly packumentCache full:https://registry.npmjs.org/gensync set size:undefined disposed:false
854 silly fetch manifest @babel/types@^7.29.7
855 silly packumentCache full:https://registry.npmjs.org/@babel%2ftypes cache-miss
856 http fetch GET 200 https://registry.npmjs.org/json5 121ms (cache miss)
857 silly packumentCache full:https://registry.npmjs.org/json5 set size:undefined disposed:false
858 silly fetch manifest @babel/parser@^7.29.7
859 silly packumentCache full:https://registry.npmjs.org/@babel%2fparser cache-miss
860 http cache https://registry.npmjs.org/@babel%2fparser 10ms (cache hit)
861 silly packumentCache full:https://registry.npmjs.org/@babel%2fparser set size:737961 disposed:false
862 silly fetch manifest @babel/helpers@^7.29.7
863 silly packumentCache full:https://registry.npmjs.org/@babel%2fhelpers cache-miss
864 http fetch GET 200 https://registry.npmjs.org/semver 143ms (cache miss)
865 silly packumentCache full:https://registry.npmjs.org/semver set size:undefined disposed:false
866 silly fetch manifest @babel/template@^7.29.7
867 silly packumentCache full:https://registry.npmjs.org/@babel%2ftemplate cache-miss
868 http fetch GET 200 https://registry.npmjs.org/@babel%2ftypes 158ms (cache miss)
869 silly packumentCache full:https://registry.npmjs.org/@babel%2ftypes set size:undefined disposed:false
870 silly fetch manifest @babel/traverse@^7.29.7
871 silly packumentCache full:https://registry.npmjs.org/@babel%2ftraverse cache-miss
872 http fetch GET 200 https://registry.npmjs.org/@babel%2ftemplate 190ms (cache miss)
873 silly packumentCache full:https://registry.npmjs.org/@babel%2ftemplate set size:undefined disposed:false
874 silly fetch manifest @babel/generator@^7.29.7
875 silly packumentCache full:https://registry.npmjs.org/@babel%2fgenerator cache-miss
876 http fetch GET 200 https://registry.npmjs.org/@babel%2fhelpers 207ms (cache miss)
877 silly packumentCache full:https://registry.npmjs.org/@babel%2fhelpers set size:undefined disposed:false
878 silly fetch manifest @babel/code-frame@^7.29.7
879 silly packumentCache full:https://registry.npmjs.org/@babel%2fcode-frame cache-miss
880 http fetch GET 200 https://registry.npmjs.org/@babel%2ftraverse 187ms (cache miss)
881 silly packumentCache full:https://registry.npmjs.org/@babel%2ftraverse set size:undefined disposed:false
882 silly fetch manifest convert-source-map@^2.0.0
883 silly packumentCache full:https://registry.npmjs.org/convert-source-map cache-miss
884 http fetch GET 200 https://registry.npmjs.org/convert-source-map 51ms (cache miss)
885 silly packumentCache full:https://registry.npmjs.org/convert-source-map set size:undefined disposed:false
886 silly fetch manifest @jridgewell/remapping@^2.3.5
887 silly packumentCache full:https://registry.npmjs.org/@jridgewell%2fremapping cache-miss
888 http fetch GET 200 https://registry.npmjs.org/@babel%2fcode-frame 287ms (cache miss)
889 silly packumentCache full:https://registry.npmjs.org/@babel%2fcode-frame set size:undefined disposed:false
890 silly fetch manifest @babel/helper-module-transforms@^7.29.7
891 silly packumentCache full:https://registry.npmjs.org/@babel%2fhelper-module-transforms cache-miss
892 http fetch GET 200 https://registry.npmjs.org/@babel%2fgenerator 301ms (cache miss)
893 silly packumentCache full:https://registry.npmjs.org/@babel%2fgenerator set size:undefined disposed:false
894 silly fetch manifest @babel/helper-compilation-targets@^7.29.7
895 silly packumentCache full:https://registry.npmjs.org/@babel%2fhelper-compilation-targets cache-miss
896 http fetch GET 200 https://registry.npmjs.org/@jridgewell%2fremapping 144ms (cache miss)
897 silly packumentCache full:https://registry.npmjs.org/@jridgewell%2fremapping set size:undefined disposed:false
898 silly fetch manifest @babel/types@^7.29.8
899 silly packumentCache full:https://registry.npmjs.org/@babel%2ftypes cache-miss
900 http cache https://registry.npmjs.org/@babel%2ftypes 9ms (cache hit)
901 silly packumentCache full:https://registry.npmjs.org/@babel%2ftypes set size:502938 disposed:false
902 silly fetch manifest hermes-estree@0.25.1
903 silly packumentCache full:https://registry.npmjs.org/hermes-estree cache-miss
904 http fetch GET 200 https://registry.npmjs.org/hermes-estree 79ms (cache miss)
905 silly packumentCache full:https://registry.npmjs.org/hermes-estree set size:undefined disposed:false
906 http fetch GET 200 https://registry.npmjs.org/@babel%2fhelper-compilation-targets 101ms (cache miss)
907 silly packumentCache full:https://registry.npmjs.org/@babel%2fhelper-compilation-targets set size:undefined disposed:false
908 http fetch GET 200 https://registry.npmjs.org/@babel%2fhelper-module-transforms 209ms (cache miss)
909 silly packumentCache full:https://registry.npmjs.org/@babel%2fhelper-module-transforms set size:undefined disposed:false
910 silly fetch manifest @babel/core@^7.0.0
911 silly packumentCache full:https://registry.npmjs.org/@babel%2fcore cache-hit
912 silly placeDep ROOT @babel/code-frame@7.29.7 OK for: @babel/core@7.29.7 want: ^7.29.7
913 silly placeDep ROOT @babel/generator@7.29.8 OK for: @babel/core@7.29.7 want: ^7.29.7
914 silly placeDep ROOT @babel/helper-compilation-targets@7.29.7 OK for: @babel/core@7.29.7 want: ^7.29.7
915 silly placeDep ROOT @babel/helper-module-transforms@7.29.7 OK for: @babel/core@7.29.7 want: ^7.29.7
916 silly placeDep ROOT @babel/helpers@7.29.7 OK for: @babel/core@7.29.7 want: ^7.29.7
917 silly placeDep ROOT @babel/template@7.29.7 OK for: @babel/core@7.29.7 want: ^7.29.7
918 silly placeDep ROOT @babel/traverse@7.29.8 OK for: @babel/core@7.29.7 want: ^7.29.7
919 silly placeDep ROOT @babel/types@7.29.8 OK for: @babel/core@7.29.7 want: ^7.29.7
920 silly placeDep ROOT @jridgewell/remapping@2.3.5 OK for: @babel/core@7.29.7 want: ^2.3.5
921 silly placeDep ROOT convert-source-map@2.0.0 OK for: @babel/core@7.29.7 want: ^2.0.0
922 silly placeDep ROOT gensync@1.0.0-beta.2 OK for: @babel/core@7.29.7 want: ^1.0.0-beta.2
923 silly placeDep ROOT json5@2.2.3 OK for: @babel/core@7.29.7 want: ^2.2.3
924 silly placeDep ROOT semver@6.3.1 OK for: @babel/core@7.29.7 want: ^6.3.1
925 silly fetch manifest js-tokens@^4.0.0
926 silly packumentCache full:https://registry.npmjs.org/js-tokens cache-miss
927 silly fetch manifest picocolors@^1.1.1
928 silly packumentCache full:https://registry.npmjs.org/picocolors cache-miss
929 silly fetch manifest @babel/helper-validator-identifier@^7.29.7
930 silly packumentCache full:https://registry.npmjs.org/@babel%2fhelper-validator-identifier cache-miss
931 http fetch GET 200 https://registry.npmjs.org/picocolors 112ms (cache miss)
932 silly packumentCache full:https://registry.npmjs.org/picocolors set size:undefined disposed:false
933 silly fetch manifest jsesc@^3.0.2
934 silly packumentCache full:https://registry.npmjs.org/jsesc cache-miss
935 http fetch GET 200 https://registry.npmjs.org/js-tokens 127ms (cache miss)
936 silly packumentCache full:https://registry.npmjs.org/js-tokens set size:undefined disposed:false
937 silly fetch manifest @jridgewell/gen-mapping@^0.3.12
938 silly packumentCache full:https://registry.npmjs.org/@jridgewell%2fgen-mapping cache-miss
939 http fetch GET 200 https://registry.npmjs.org/@babel%2fhelper-validator-identifier 172ms (cache miss)
940 silly packumentCache full:https://registry.npmjs.org/@babel%2fhelper-validator-identifier set size:undefined disposed:false
941 silly fetch manifest @jridgewell/trace-mapping@^0.3.28
942 silly packumentCache full:https://registry.npmjs.org/@jridgewell%2ftrace-mapping cache-miss
943 http fetch GET 200 https://registry.npmjs.org/jsesc 63ms (cache miss)
944 silly packumentCache full:https://registry.npmjs.org/jsesc set size:undefined disposed:false
945 silly fetch manifest lru-cache@^5.1.1
946 silly packumentCache full:https://registry.npmjs.org/lru-cache cache-miss
947 http fetch GET 200 https://registry.npmjs.org/@jridgewell%2fgen-mapping 58ms (cache miss)
948 silly packumentCache full:https://registry.npmjs.org/@jridgewell%2fgen-mapping set size:undefined disposed:false
949 silly fetch manifest browserslist@^4.24.0
950 silly packumentCache full:https://registry.npmjs.org/browserslist cache-miss
951 http fetch GET 200 https://registry.npmjs.org/@jridgewell%2ftrace-mapping 72ms (cache miss)
952 silly packumentCache full:https://registry.npmjs.org/@jridgewell%2ftrace-mapping set size:undefined disposed:false
953 silly fetch manifest @babel/compat-data@^7.29.7
954 silly packumentCache full:https://registry.npmjs.org/@babel%2fcompat-data cache-miss
955 http fetch GET 200 https://registry.npmjs.org/@babel%2fcompat-data 236ms (cache miss)
956 silly packumentCache full:https://registry.npmjs.org/@babel%2fcompat-data set size:undefined disposed:false
957 silly fetch manifest @babel/helper-validator-option@^7.29.7
958 silly packumentCache full:https://registry.npmjs.org/@babel%2fhelper-validator-option cache-miss
959 http fetch GET 200 https://registry.npmjs.org/lru-cache 312ms (cache miss)
960 silly packumentCache full:https://registry.npmjs.org/lru-cache set size:undefined disposed:false
961 silly fetch manifest @babel/helper-module-imports@^7.29.7
962 silly packumentCache full:https://registry.npmjs.org/@babel%2fhelper-module-imports cache-miss
963 http fetch GET 200 https://registry.npmjs.org/browserslist 308ms (cache miss)
964 silly packumentCache full:https://registry.npmjs.org/browserslist set size:undefined disposed:false
965 silly fetch manifest @babel/helper-globals@^7.29.7
966 silly packumentCache full:https://registry.npmjs.org/@babel%2fhelper-globals cache-miss
967 http fetch GET 200 https://registry.npmjs.org/@babel%2fhelper-globals 49ms (cache miss)
968 silly packumentCache full:https://registry.npmjs.org/@babel%2fhelper-globals set size:undefined disposed:false
969 silly fetch manifest @babel/helper-string-parser@^7.29.7
970 silly packumentCache full:https://registry.npmjs.org/@babel%2fhelper-string-parser cache-miss
971 http fetch GET 200 https://registry.npmjs.org/@babel%2fhelper-validator-option 70ms (cache miss)
972 silly packumentCache full:https://registry.npmjs.org/@babel%2fhelper-validator-option set size:undefined disposed:false
973 silly fetch manifest @jridgewell/gen-mapping@^0.3.5
974 silly packumentCache full:https://registry.npmjs.org/@jridgewell%2fgen-mapping cache-miss
975 http cache https://registry.npmjs.org/@jridgewell%2fgen-mapping 8ms (cache hit)
976 silly packumentCache full:https://registry.npmjs.org/@jridgewell%2fgen-mapping set size:75941 disposed:false
977 silly fetch manifest @jridgewell/trace-mapping@^0.3.24
978 silly packumentCache full:https://registry.npmjs.org/@jridgewell%2ftrace-mapping cache-miss
979 http cache https://registry.npmjs.org/@jridgewell%2ftrace-mapping 7ms (cache hit)
980 silly packumentCache full:https://registry.npmjs.org/@jridgewell%2ftrace-mapping set size:170909 disposed:false
981 http fetch GET 200 https://registry.npmjs.org/@babel%2fhelper-string-parser 84ms (cache miss)
982 silly packumentCache full:https://registry.npmjs.org/@babel%2fhelper-string-parser set size:undefined disposed:false
983 http fetch GET 200 https://registry.npmjs.org/@babel%2fhelper-module-imports 254ms (cache miss)
984 silly packumentCache full:https://registry.npmjs.org/@babel%2fhelper-module-imports set size:undefined disposed:false
985 silly placeDep ROOT @babel/helper-validator-identifier@7.29.7 OK for: @babel/code-frame@7.29.7 want: ^7.29.7
986 silly placeDep ROOT js-tokens@4.0.0 OK for: @babel/code-frame@7.29.7 want: ^4.0.0
987 silly placeDep ROOT picocolors@1.1.1 OK for: @babel/code-frame@7.29.7 want: ^1.1.1
988 silly placeDep ROOT @jridgewell/gen-mapping@0.3.13 OK for: @babel/generator@7.29.8 want: ^0.3.12
989 silly placeDep ROOT @jridgewell/trace-mapping@0.3.31 OK for: @babel/generator@7.29.8 want: ^0.3.28
990 silly placeDep ROOT jsesc@3.1.0 OK for: @babel/generator@7.29.8 want: ^3.0.2
991 silly fetch manifest @jridgewell/sourcemap-codec@^1.5.0
992 silly packumentCache full:https://registry.npmjs.org/@jridgewell%2fsourcemap-codec cache-miss
993 silly fetch manifest @jridgewell/resolve-uri@^3.1.0
994 silly packumentCache full:https://registry.npmjs.org/@jridgewell%2fresolve-uri cache-miss
995 silly fetch manifest @jridgewell/sourcemap-codec@^1.4.14
996 silly packumentCache full:https://registry.npmjs.org/@jridgewell%2fsourcemap-codec cache-miss
997 http fetch GET 200 https://registry.npmjs.org/@jridgewell%2fsourcemap-codec 74ms (cache miss)
998 silly packumentCache full:https://registry.npmjs.org/@jridgewell%2fsourcemap-codec set size:undefined disposed:false
999 http fetch GET 200 https://registry.npmjs.org/@jridgewell%2fsourcemap-codec 76ms (cache miss)
1000 silly packumentCache full:https://registry.npmjs.org/@jridgewell%2fsourcemap-codec set size:undefined disposed:false
1001 http fetch GET 200 https://registry.npmjs.org/@jridgewell%2fresolve-uri 119ms (cache miss)
1002 silly packumentCache full:https://registry.npmjs.org/@jridgewell%2fresolve-uri set size:undefined disposed:false
1003 silly placeDep ROOT @babel/compat-data@7.29.7 OK for: @babel/helper-compilation-targets@7.29.7 want: ^7.29.7
1004 silly placeDep ROOT @babel/helper-validator-option@7.29.7 OK for: @babel/helper-compilation-targets@7.29.7 want: ^7.29.7
1005 silly placeDep ROOT browserslist@4.28.8 OK for: @babel/helper-compilation-targets@7.29.7 want: ^4.24.0
1006 silly placeDep ROOT lru-cache@5.1.1 OK for: @babel/helper-compilation-targets@7.29.7 want: ^5.1.1
1007 silly fetch manifest caniuse-lite@^1.0.30001809
1008 silly packumentCache full:https://registry.npmjs.org/caniuse-lite cache-miss
1009 silly fetch manifest node-releases@^2.0.53
1010 silly packumentCache full:https://registry.npmjs.org/node-releases cache-miss
1011 silly fetch manifest electron-to-chromium@^1.5.402
1012 silly packumentCache full:https://registry.npmjs.org/electron-to-chromium cache-miss
1013 http fetch GET 200 https://registry.npmjs.org/node-releases 120ms (cache miss)
1014 silly packumentCache full:https://registry.npmjs.org/node-releases set size:undefined disposed:false
1015 silly fetch manifest update-browserslist-db@^1.3.0
1016 silly packumentCache full:https://registry.npmjs.org/update-browserslist-db cache-miss
1017 http fetch GET 200 https://registry.npmjs.org/update-browserslist-db 48ms (cache miss)
1018 silly packumentCache full:https://registry.npmjs.org/update-browserslist-db set size:undefined disposed:false
1019 silly fetch manifest baseline-browser-mapping@^2.11.12
1020 silly packumentCache full:https://registry.npmjs.org/baseline-browser-mapping cache-miss
1021 http fetch GET 200 https://registry.npmjs.org/baseline-browser-mapping 63ms (cache miss)
1022 silly packumentCache full:https://registry.npmjs.org/baseline-browser-mapping set size:undefined disposed:false
1023 silly fetch manifest yallist@^3.0.2
1024 silly packumentCache full:https://registry.npmjs.org/yallist cache-miss
1025 http fetch GET 200 https://registry.npmjs.org/yallist 43ms (cache miss)
1026 silly packumentCache full:https://registry.npmjs.org/yallist set size:undefined disposed:false
1027 http fetch GET 200 https://registry.npmjs.org/caniuse-lite 510ms (cache miss)
1028 silly packumentCache full:https://registry.npmjs.org/caniuse-lite set size:undefined disposed:false
1029 http fetch GET 200 https://registry.npmjs.org/electron-to-chromium 1173ms (cache miss)
1030 silly packumentCache full:https://registry.npmjs.org/electron-to-chromium set size:undefined disposed:false
1031 silly placeDep ROOT @babel/helper-module-imports@7.29.7 OK for: @babel/helper-module-transforms@7.29.7 want: ^7.29.7
1032 silly placeDep ROOT @babel/helper-globals@7.29.7 OK for: @babel/traverse@7.29.8 want: ^7.29.7
1033 silly placeDep ROOT @babel/helper-string-parser@7.29.7 OK for: @babel/types@7.29.8 want: ^7.29.7
1034 silly placeDep ROOT @jridgewell/sourcemap-codec@1.5.5 OK for: @jridgewell/gen-mapping@0.3.13 want: ^1.5.0
1035 silly placeDep ROOT @jridgewell/resolve-uri@3.1.2 OK for: @jridgewell/trace-mapping@0.3.31 want: ^3.1.0
1036 silly fetch manifest browserslist@>= 4.21.0
1037 silly packumentCache full:https://registry.npmjs.org/browserslist cache-miss
1038 http cache https://registry.npmjs.org/browserslist 8ms (cache hit)
1039 silly packumentCache full:https://registry.npmjs.org/browserslist set size:518659 disposed:false
1040 silly placeDep ROOT baseline-browser-mapping@2.11.18 OK for: browserslist@4.28.8 want: ^2.11.12
1041 silly placeDep ROOT caniuse-lite@1.0.30001809 OK for: browserslist@4.28.8 want: ^1.0.30001809
1042 silly placeDep ROOT electron-to-chromium@1.5.412 OK for: browserslist@4.28.8 want: ^1.5.402
1043 silly placeDep ROOT node-releases@2.0.53 OK for: browserslist@4.28.8 want: ^2.0.53
1044 silly placeDep ROOT update-browserslist-db@1.3.1 OK for: browserslist@4.28.8 want: ^1.3.0
1045 silly fetch manifest escalade@^3.2.0
1046 silly packumentCache full:https://registry.npmjs.org/escalade cache-miss
1047 http fetch GET 200 https://registry.npmjs.org/escalade 43ms (cache miss)
1048 silly packumentCache full:https://registry.npmjs.org/escalade set size:undefined disposed:false
1049 silly placeDep ROOT @types/esrecurse@4.3.1 OK for: eslint-scope@9.1.2 want: ^4.3.1
1050 silly placeDep ROOT esrecurse@4.3.0 OK for: eslint-scope@9.1.2 want: ^4.3.0
1051 silly placeDep ROOT estraverse@5.3.0 OK for: eslint-scope@9.1.2 want: ^5.2.0
1052 silly placeDep ROOT acorn@8.18.0 OK for: espree@11.2.0 want: ^8.16.0
1053 silly placeDep ROOT acorn-jsx@5.3.2 OK for: espree@11.2.0 want: ^5.3.2
1054 silly placeDep ROOT flat-cache@4.0.1 OK for: file-entry-cache@8.0.0 want: ^4.0.0
1055 silly fetch manifest keyv@^4.5.4
1056 silly packumentCache full:https://registry.npmjs.org/keyv cache-miss
1057 silly fetch manifest flatted@^3.2.9
1058 silly packumentCache full:https://registry.npmjs.org/flatted cache-miss
1059 http fetch GET 200 https://registry.npmjs.org/flatted 56ms (cache miss)
1060 silly packumentCache full:https://registry.npmjs.org/flatted set size:undefined disposed:false
1061 http fetch GET 200 https://registry.npmjs.org/keyv 67ms (cache miss)
1062 silly packumentCache full:https://registry.npmjs.org/keyv set size:undefined disposed:false
1063 silly placeDep ROOT locate-path@6.0.0 OK for: find-up@5.0.0 want: ^6.0.0
1064 silly placeDep ROOT path-exists@4.0.0 OK for: find-up@5.0.0 want: ^4.0.0
1065 silly fetch manifest p-locate@^5.0.0
1066 silly packumentCache full:https://registry.npmjs.org/p-locate cache-miss
1067 http fetch GET 200 https://registry.npmjs.org/p-locate 222ms (cache miss)
1068 silly packumentCache full:https://registry.npmjs.org/p-locate set size:undefined disposed:false
1069 silly placeDep ROOT flatted@3.4.4 OK for: flat-cache@4.0.1 want: ^3.2.9
1070 silly placeDep ROOT keyv@4.5.4 OK for: flat-cache@4.0.1 want: ^4.5.4
1071 silly fetch manifest json-buffer@3.0.1
1072 silly packumentCache full:https://registry.npmjs.org/json-buffer cache-miss
1073 http fetch GET 200 https://registry.npmjs.org/json-buffer 47ms (cache miss)
1074 silly packumentCache full:https://registry.npmjs.org/json-buffer set size:undefined disposed:false
1075 silly placeDep ROOT asynckit@0.4.0 OK for: form-data@4.0.6 want: ^0.4.0
1076 silly placeDep ROOT combined-stream@1.0.8 OK for: form-data@4.0.6 want: ^1.0.8
1077 silly placeDep ROOT es-set-tostringtag@2.1.0 OK for: form-data@4.0.6 want: ^2.1.0
1078 silly placeDep ROOT hasown@2.0.4 OK for: form-data@4.0.6 want: ^2.0.4
1079 silly placeDep ROOT mime-types@2.1.35 OK for: form-data@4.0.6 want: ^2.1.35
1080 silly fetch manifest delayed-stream@~1.0.0
1081 silly packumentCache full:https://registry.npmjs.org/delayed-stream cache-miss
1082 silly fetch manifest es-errors@^1.3.0
1083 silly packumentCache full:https://registry.npmjs.org/es-errors cache-miss
1084 silly fetch manifest get-intrinsic@^1.2.6
1085 silly packumentCache full:https://registry.npmjs.org/get-intrinsic cache-miss
1086 http fetch GET 200 https://registry.npmjs.org/delayed-stream 41ms (cache miss)
1087 silly packumentCache full:https://registry.npmjs.org/delayed-stream set size:undefined disposed:false
1088 silly fetch manifest has-tostringtag@^1.0.2
1089 silly packumentCache full:https://registry.npmjs.org/has-tostringtag cache-miss
1090 http fetch GET 200 https://registry.npmjs.org/es-errors 42ms (cache miss)
1091 silly packumentCache full:https://registry.npmjs.org/es-errors set size:undefined disposed:false
1092 silly fetch manifest hasown@^2.0.2
1093 silly packumentCache full:https://registry.npmjs.org/hasown cache-miss
1094 http cache https://registry.npmjs.org/hasown 8ms (cache hit)
1095 silly packumentCache full:https://registry.npmjs.org/hasown set size:18361 disposed:false
1096 silly fetch manifest function-bind@^1.1.2
1097 silly packumentCache full:https://registry.npmjs.org/function-bind cache-miss
1098 http fetch GET 200 https://registry.npmjs.org/get-intrinsic 55ms (cache miss)
1099 silly packumentCache full:https://registry.npmjs.org/get-intrinsic set size:undefined disposed:false
1100 silly fetch manifest mime-db@1.52.0
1101 silly packumentCache full:https://registry.npmjs.org/mime-db cache-miss
1102 http fetch GET 200 https://registry.npmjs.org/has-tostringtag 35ms (cache miss)
1103 silly packumentCache full:https://registry.npmjs.org/has-tostringtag set size:undefined disposed:false
1104 http fetch GET 200 https://registry.npmjs.org/function-bind 53ms (cache miss)
1105 silly packumentCache full:https://registry.npmjs.org/function-bind set size:undefined disposed:false
1106 http fetch GET 200 https://registry.npmjs.org/mime-db 52ms (cache miss)
1107 silly packumentCache full:https://registry.npmjs.org/mime-db set size:undefined disposed:false
1108 silly placeDep ROOT delayed-stream@1.0.0 OK for: combined-stream@1.0.8 want: ~1.0.0
1109 silly placeDep ROOT es-errors@1.3.0 OK for: es-set-tostringtag@2.1.0 want: ^1.3.0
1110 silly placeDep ROOT get-intrinsic@1.3.0 OK for: es-set-tostringtag@2.1.0 want: ^1.2.6
1111 silly placeDep ROOT has-tostringtag@1.0.2 OK for: es-set-tostringtag@2.1.0 want: ^1.0.2
1112 silly fetch manifest gopd@^1.2.0
1113 silly packumentCache full:https://registry.npmjs.org/gopd cache-miss
1114 silly fetch manifest get-proto@^1.0.1
1115 silly packumentCache full:https://registry.npmjs.org/get-proto cache-miss
1116 silly fetch manifest has-symbols@^1.1.0
1117 silly packumentCache full:https://registry.npmjs.org/has-symbols cache-miss
1118 http fetch GET 200 https://registry.npmjs.org/gopd 38ms (cache miss)
1119 silly packumentCache full:https://registry.npmjs.org/gopd set size:undefined disposed:false
1120 silly fetch manifest es-object-atoms@^1.1.1
1121 silly packumentCache full:https://registry.npmjs.org/es-object-atoms cache-miss
1122 http fetch GET 200 https://registry.npmjs.org/get-proto 38ms (cache miss)
1123 silly packumentCache full:https://registry.npmjs.org/get-proto set size:undefined disposed:false
1124 silly fetch manifest math-intrinsics@^1.1.0
1125 silly packumentCache full:https://registry.npmjs.org/math-intrinsics cache-miss
1126 http fetch GET 200 https://registry.npmjs.org/math-intrinsics 45ms (cache miss)
1127 silly packumentCache full:https://registry.npmjs.org/math-intrinsics set size:undefined disposed:false
1128 silly fetch manifest es-define-property@^1.0.1
1129 silly packumentCache full:https://registry.npmjs.org/es-define-property cache-miss
1130 http fetch GET 200 https://registry.npmjs.org/es-object-atoms 49ms (cache miss)
1131 silly packumentCache full:https://registry.npmjs.org/es-object-atoms set size:undefined disposed:false
1132 silly fetch manifest call-bind-apply-helpers@^1.0.2
1133 silly packumentCache full:https://registry.npmjs.org/call-bind-apply-helpers cache-miss
1134 http fetch GET 200 https://registry.npmjs.org/es-define-property 38ms (cache miss)
1135 silly packumentCache full:https://registry.npmjs.org/es-define-property set size:undefined disposed:false
1136 silly fetch manifest has-symbols@^1.0.3
1137 silly packumentCache full:https://registry.npmjs.org/has-symbols cache-miss
1138 http fetch GET 200 https://registry.npmjs.org/call-bind-apply-helpers 39ms (cache miss)
1139 silly packumentCache full:https://registry.npmjs.org/call-bind-apply-helpers set size:undefined disposed:false
1140 http fetch GET 200 https://registry.npmjs.org/has-symbols 112ms (cache miss)
1141 silly packumentCache full:https://registry.npmjs.org/has-symbols set size:undefined disposed:false
1142 http fetch GET 200 https://registry.npmjs.org/has-symbols 238ms (cache miss)
1143 silly packumentCache full:https://registry.npmjs.org/has-symbols set size:undefined disposed:false
1144 silly placeDep ROOT call-bind-apply-helpers@1.0.2 OK for: get-intrinsic@1.3.0 want: ^1.0.2
1145 silly placeDep ROOT es-define-property@1.0.1 OK for: get-intrinsic@1.3.0 want: ^1.0.1
1146 silly placeDep ROOT es-object-atoms@1.1.2 OK for: get-intrinsic@1.3.0 want: ^1.1.1
1147 silly placeDep ROOT function-bind@1.1.2 OK for: get-intrinsic@1.3.0 want: ^1.1.2
1148 silly placeDep ROOT get-proto@1.0.1 OK for: get-intrinsic@1.3.0 want: ^1.0.1
1149 silly placeDep ROOT gopd@1.2.0 OK for: get-intrinsic@1.3.0 want: ^1.2.0
1150 silly placeDep ROOT has-symbols@1.1.0 OK for: get-intrinsic@1.3.0 want: ^1.1.0
1151 silly placeDep ROOT math-intrinsics@1.1.0 OK for: get-intrinsic@1.3.0 want: ^1.1.0
1152 silly fetch manifest dunder-proto@^1.0.1
1153 silly packumentCache full:https://registry.npmjs.org/dunder-proto cache-miss
1154 http fetch GET 200 https://registry.npmjs.org/dunder-proto 44ms (cache miss)
1155 silly packumentCache full:https://registry.npmjs.org/dunder-proto set size:undefined disposed:false
1156 silly placeDep ROOT dunder-proto@1.0.1 OK for: get-proto@1.0.1 want: ^1.0.1
1157 silly placeDep ROOT hermes-estree@0.25.1 OK for: hermes-parser@0.25.1 want: 0.25.1
1158 silly placeDep ROOT agent-base@6.0.2 OK for: https-proxy-agent@5.0.1 want: 6
1159 silly placeDep ROOT is-extglob@2.1.1 OK for: is-glob@4.0.3 want: ^2.1.1
1160 silly placeDep ROOT json-buffer@3.0.1 OK for: keyv@4.5.4 want: 3.0.1
1161 silly placeDep ROOT prelude-ls@1.2.1 OK for: levn@0.4.1 want: ^1.2.1
1162 silly placeDep ROOT type-check@0.4.0 OK for: levn@0.4.1 want: ~0.4.0
1163 silly placeDep ROOT p-locate@5.0.0 OK for: locate-path@6.0.0 want: ^5.0.0
1164 silly fetch manifest p-limit@^3.0.2
1165 silly packumentCache full:https://registry.npmjs.org/p-limit cache-miss
1166 http fetch GET 200 https://registry.npmjs.org/p-limit 43ms (cache miss)
1167 silly packumentCache full:https://registry.npmjs.org/p-limit set size:undefined disposed:false
1168 silly placeDep ROOT yallist@3.1.1 OK for: lru-cache@5.1.1 want: ^3.0.2
1169 silly placeDep ROOT mime-db@1.52.0 OK for: mime-types@2.1.35 want: 1.52.0
1170 silly placeDep ROOT brace-expansion@5.0.9 OK for: minimatch@10.2.6 want: ^5.0.8
1171 silly fetch manifest balanced-match@^4.0.2
1172 silly packumentCache full:https://registry.npmjs.org/balanced-match cache-miss
1173 http fetch GET 200 https://registry.npmjs.org/balanced-match 43ms (cache miss)
1174 silly packumentCache full:https://registry.npmjs.org/balanced-match set size:undefined disposed:false
1175 silly placeDep ROOT balanced-match@4.0.4 OK for: brace-expansion@5.0.9 want: ^4.0.2
1176 silly placeDep ROOT deep-is@0.1.4 OK for: optionator@0.9.4 want: ^0.1.3
1177 silly placeDep ROOT fast-levenshtein@2.0.6 OK for: optionator@0.9.4 want: ^2.0.6
1178 silly placeDep ROOT word-wrap@1.2.5 OK for: optionator@0.9.4 want: ^1.2.5
1179 silly placeDep ROOT p-limit@3.1.0 OK for: p-locate@5.0.0 want: ^3.0.2
1180 silly fetch manifest yocto-queue@^0.1.0
1181 silly packumentCache full:https://registry.npmjs.org/yocto-queue cache-miss
1182 http fetch GET 200 https://registry.npmjs.org/yocto-queue 183ms (cache miss)
1183 silly packumentCache full:https://registry.npmjs.org/yocto-queue set size:undefined disposed:false
1184 silly placeDep ROOT yocto-queue@0.1.0 OK for: p-limit@3.1.0 want: ^0.1.0
1185 silly placeDep ROOT scheduler@0.27.0 OK for: react-dom@19.2.8 want: ^0.27.0
1186 silly fetch manifest react@>=18
1187 silly packumentCache full:https://registry.npmjs.org/react cache-miss
1188 http cache https://registry.npmjs.org/react 18ms (cache hit)
1189 silly packumentCache full:https://registry.npmjs.org/react set size:6902730 disposed:false
1190 silly fetch manifest react-dom@>=18
1191 silly packumentCache full:https://registry.npmjs.org/react-dom cache-miss
1192 http cache https://registry.npmjs.org/react-dom 23ms (cache hit)
1193 silly packumentCache full:https://registry.npmjs.org/react-dom set size:9275431 disposed:false
1194 silly placeDep ROOT react-router@7.18.2 OK for: react-router-dom@7.18.2 want: 7.18.2
1195 silly fetch manifest cookie@^1.0.1
1196 silly packumentCache full:https://registry.npmjs.org/cookie cache-miss
1197 silly fetch manifest set-cookie-parser@^2.6.0
1198 silly packumentCache full:https://registry.npmjs.org/set-cookie-parser cache-miss
1199 http fetch GET 200 https://registry.npmjs.org/set-cookie-parser 52ms (cache miss)
1200 silly packumentCache full:https://registry.npmjs.org/set-cookie-parser set size:undefined disposed:false
1201 http fetch GET 200 https://registry.npmjs.org/cookie 55ms (cache miss)
1202 silly packumentCache full:https://registry.npmjs.org/cookie set size:undefined disposed:false
1203 silly placeDep ROOT cookie@1.1.1 OK for: react-router@7.18.2 want: ^1.0.1
1204 silly placeDep ROOT set-cookie-parser@2.7.2 OK for: react-router@7.18.2 want: ^2.6.0
1205 silly fetch manifest @types/react@^18.2.25 || ^19
1206 silly packumentCache full:https://registry.npmjs.org/@types%2freact cache-miss
1207 http cache https://registry.npmjs.org/@types%2freact 10ms (cache hit)
1208 silly packumentCache full:https://registry.npmjs.org/@types%2freact set size:2637439 disposed:false
1209 silly fetch manifest react@^16.8.0 || ^17.0.0 || ^18.0.0 || ^19.0.0
1210 silly packumentCache full:https://registry.npmjs.org/react cache-miss
1211 http cache https://registry.npmjs.org/react 17ms (cache hit)
1212 silly packumentCache full:https://registry.npmjs.org/react set size:6902730 disposed:false
1213 silly fetch manifest redux@^5.0.0
1214 silly packumentCache full:https://registry.npmjs.org/redux cache-miss
1215 http fetch GET 200 https://registry.npmjs.org/redux 89ms (cache miss)
1216 silly packumentCache full:https://registry.npmjs.org/redux set size:undefined disposed:false
1217 silly placeDep ROOT @reduxjs/toolkit@2.12.0 OK for: recharts@3.10.1 want: ^1.9.0 || 2.x.x
1218 silly placeDep ROOT clsx@2.1.1 OK for: recharts@3.10.1 want: ^2.1.1
1219 silly placeDep ROOT decimal.js-light@2.5.1 OK for: recharts@3.10.1 want: ^2.5.1
1220 silly placeDep ROOT es-toolkit@1.51.0 OK for: recharts@3.10.1 want: ^1.39.3
1221 silly placeDep ROOT eventemitter3@5.0.4 OK for: recharts@3.10.1 want: ^5.0.1
1222 silly placeDep ROOT immer@11.1.18 OK for: recharts@3.10.1 want: ^11.1.8
1223 silly placeDep ROOT react-redux@9.3.0 OK for: recharts@3.10.1 want: 8.x.x || 9.x.x
1224 silly placeDep ROOT reselect@5.2.0 OK for: recharts@3.10.1 want: 5.2.0
1225 silly placeDep ROOT tiny-invariant@1.3.3 OK for: recharts@3.10.1 want: ^1.3.3
1226 silly placeDep ROOT use-sync-external-store@1.6.0 OK for: recharts@3.10.1 want: ^1.2.2
1227 silly placeDep ROOT victory-vendor@37.3.6 OK for: recharts@3.10.1 want: ^37.0.2
1228 silly fetch manifest @standard-schema/spec@^1.0.0
1229 silly packumentCache full:https://registry.npmjs.org/@standard-schema%2fspec cache-miss
1230 silly fetch manifest @standard-schema/utils@^0.3.0
1231 silly packumentCache full:https://registry.npmjs.org/@standard-schema%2futils cache-miss
1232 silly fetch manifest immer@^11.0.0
1233 silly packumentCache full:https://registry.npmjs.org/immer cache-miss
1234 http cache https://registry.npmjs.org/immer 9ms (cache hit)
1235 silly packumentCache full:https://registry.npmjs.org/immer set size:798677 disposed:false
1236 silly fetch manifest redux@^5.0.1
1237 silly packumentCache full:https://registry.npmjs.org/redux cache-miss
1238 http cache https://registry.npmjs.org/redux 6ms (cache hit)
1239 silly packumentCache full:https://registry.npmjs.org/redux set size:553833 disposed:false
1240 silly fetch manifest redux-thunk@^3.1.0
1241 silly packumentCache full:https://registry.npmjs.org/redux-thunk cache-miss
1242 http fetch GET 200 https://registry.npmjs.org/@standard-schema%2fspec 47ms (cache miss)
1243 silly packumentCache full:https://registry.npmjs.org/@standard-schema%2fspec set size:undefined disposed:false
1244 silly fetch manifest reselect@^5.1.0
1245 silly packumentCache full:https://registry.npmjs.org/reselect cache-miss
1246 http cache https://registry.npmjs.org/reselect 6ms (cache hit)
1247 silly packumentCache full:https://registry.npmjs.org/reselect set size:361939 disposed:false
1248 silly fetch manifest @types/use-sync-external-store@^0.0.6
1249 silly packumentCache full:https://registry.npmjs.org/@types%2fuse-sync-external-store cache-miss
1250 http fetch GET 200 https://registry.npmjs.org/redux-thunk 225ms (cache miss)
1251 silly packumentCache full:https://registry.npmjs.org/redux-thunk set size:undefined disposed:false
1252 silly fetch manifest use-sync-external-store@^1.4.0
1253 silly packumentCache full:https://registry.npmjs.org/use-sync-external-store cache-miss
1254 http cache https://registry.npmjs.org/use-sync-external-store 15ms (cache hit)
1255 silly packumentCache full:https://registry.npmjs.org/use-sync-external-store set size:4942090 disposed:false
1256 silly fetch manifest d3-ease@^3.0.1
1257 silly packumentCache full:https://registry.npmjs.org/d3-ease cache-miss
1258 http fetch GET 200 https://registry.npmjs.org/d3-ease 43ms (cache miss)
1259 silly packumentCache full:https://registry.npmjs.org/d3-ease set size:undefined disposed:false
1260 silly fetch manifest d3-time@^3.0.0
1261 silly packumentCache full:https://registry.npmjs.org/d3-time cache-miss
1262 http fetch GET 200 https://registry.npmjs.org/d3-time 84ms (cache miss)
1263 silly packumentCache full:https://registry.npmjs.org/d3-time set size:undefined disposed:false
1264 silly fetch manifest d3-array@^3.1.6
1265 silly packumentCache full:https://registry.npmjs.org/d3-array cache-miss
1266 http fetch GET 200 https://registry.npmjs.org/@standard-schema%2futils 420ms (cache miss)
1267 silly packumentCache full:https://registry.npmjs.org/@standard-schema%2futils set size:undefined disposed:false
1268 silly fetch manifest d3-scale@^4.0.2
1269 silly packumentCache full:https://registry.npmjs.org/d3-scale cache-miss
1270 http fetch GET 200 https://registry.npmjs.org/@types%2fuse-sync-external-store 415ms (cache miss)
1271 silly packumentCache full:https://registry.npmjs.org/@types%2fuse-sync-external-store set size:undefined disposed:false
1272 silly fetch manifest d3-shape@^3.1.0
1273 silly packumentCache full:https://registry.npmjs.org/d3-shape cache-miss
1274 http fetch GET 200 https://registry.npmjs.org/d3-array 78ms (cache miss)
1275 silly packumentCache full:https://registry.npmjs.org/d3-array set size:undefined disposed:false
1276 silly fetch manifest d3-timer@^3.0.1
1277 silly packumentCache full:https://registry.npmjs.org/d3-timer cache-miss
1278 http fetch GET 200 https://registry.npmjs.org/d3-scale 126ms (cache miss)
1279 silly packumentCache full:https://registry.npmjs.org/d3-scale set size:undefined disposed:false
1280 silly fetch manifest @types/d3-ease@^3.0.0
1281 silly packumentCache full:https://registry.npmjs.org/@types%2fd3-ease cache-miss
1282 http fetch GET 200 https://registry.npmjs.org/d3-timer 56ms (cache miss)
1283 silly packumentCache full:https://registry.npmjs.org/d3-timer set size:undefined disposed:false
1284 silly fetch manifest @types/d3-time@^3.0.0
1285 silly packumentCache full:https://registry.npmjs.org/@types%2fd3-time cache-miss
1286 http fetch GET 200 https://registry.npmjs.org/d3-shape 86ms (cache miss)
1287 silly packumentCache full:https://registry.npmjs.org/d3-shape set size:undefined disposed:false
1288 silly fetch manifest d3-interpolate@^3.0.1
1289 silly packumentCache full:https://registry.npmjs.org/d3-interpolate cache-miss
1290 http fetch GET 200 https://registry.npmjs.org/@types%2fd3-ease 51ms (cache miss)
1291 silly packumentCache full:https://registry.npmjs.org/@types%2fd3-ease set size:undefined disposed:false
1292 silly fetch manifest @types/d3-array@^3.0.3
1293 silly packumentCache full:https://registry.npmjs.org/@types%2fd3-array cache-miss
1294 http fetch GET 200 https://registry.npmjs.org/@types%2fd3-time 55ms (cache miss)
1295 silly packumentCache full:https://registry.npmjs.org/@types%2fd3-time set size:undefined disposed:false
1296 silly fetch manifest @types/d3-scale@^4.0.2
1297 silly packumentCache full:https://registry.npmjs.org/@types%2fd3-scale cache-miss
1298 http fetch GET 200 https://registry.npmjs.org/@types%2fd3-array 76ms (cache miss)
1299 silly packumentCache full:https://registry.npmjs.org/@types%2fd3-array set size:undefined disposed:false
1300 silly fetch manifest @types/d3-shape@^3.1.0
1301 silly packumentCache full:https://registry.npmjs.org/@types%2fd3-shape cache-miss
1302 http fetch GET 200 https://registry.npmjs.org/@types%2fd3-shape 87ms (cache miss)
1303 silly packumentCache full:https://registry.npmjs.org/@types%2fd3-shape set size:undefined disposed:false
1304 silly fetch manifest @types/d3-timer@^3.0.0
1305 silly packumentCache full:https://registry.npmjs.org/@types%2fd3-timer cache-miss
1306 http fetch GET 200 https://registry.npmjs.org/d3-interpolate 391ms (cache miss)
1307 silly packumentCache full:https://registry.npmjs.org/d3-interpolate set size:undefined disposed:false
1308 silly fetch manifest @types/d3-interpolate@^3.0.1
1309 silly packumentCache full:https://registry.npmjs.org/@types%2fd3-interpolate cache-miss
1310 http fetch GET 200 https://registry.npmjs.org/@types%2fd3-timer 191ms (cache miss)
1311 silly packumentCache full:https://registry.npmjs.org/@types%2fd3-timer set size:undefined disposed:false
1312 http fetch GET 200 https://registry.npmjs.org/@types%2fd3-scale 601ms (cache miss)
1313 silly packumentCache full:https://registry.npmjs.org/@types%2fd3-scale set size:undefined disposed:false
1314 http fetch GET 200 https://registry.npmjs.org/@types%2fd3-interpolate 280ms (cache miss)
1315 silly packumentCache full:https://registry.npmjs.org/@types%2fd3-interpolate set size:undefined disposed:false
1316 silly placeDep ROOT @standard-schema/spec@1.1.0 OK for: @reduxjs/toolkit@2.12.0 want: ^1.0.0
1317 silly placeDep ROOT @standard-schema/utils@0.3.0 OK for: @reduxjs/toolkit@2.12.0 want: ^0.3.0
1318 silly placeDep ROOT redux@5.0.1 OK for: @reduxjs/toolkit@2.12.0 want: ^5.0.1
1319 silly placeDep ROOT redux-thunk@3.1.0 OK for: @reduxjs/toolkit@2.12.0 want: ^3.1.0
1320 silly placeDep ROOT @types/use-sync-external-store@0.0.6 OK for: react-redux@9.3.0 want: ^0.0.6
1321 silly placeDep ROOT shebang-regex@3.0.0 OK for: shebang-command@2.0.0 want: ^3.0.0
1322 silly fetch manifest eslint@^8.57.0 || ^9.0.0 || ^10.0.0
1323 silly packumentCache full:https://registry.npmjs.org/eslint cache-miss
1324 http cache https://registry.npmjs.org/eslint 10ms (cache hit)
1325 silly packumentCache full:https://registry.npmjs.org/eslint set size:2062456 disposed:false
1326 silly placeDep ROOT @typescript-eslint/eslint-plugin@8.67.0 OK for: typescript-eslint@8.67.0 want: 8.67.0
1327 silly placeDep ROOT @typescript-eslint/parser@8.67.0 OK for: @typescript-eslint/eslint-plugin@8.67.0 want: ^8.67.0
1328 silly placeDep ROOT @typescript-eslint/typescript-estree@8.67.0 OK for: typescript-eslint@8.67.0 want: 8.67.0
1329 silly placeDep ROOT @typescript-eslint/utils@8.67.0 OK for: typescript-eslint@8.67.0 want: 8.67.0
1330 silly fetch manifest ignore@^7.0.5
1331 silly packumentCache full:https://registry.npmjs.org/ignore cache-miss
1332 silly fetch manifest ts-api-utils@^2.5.0
1333 silly packumentCache full:https://registry.npmjs.org/ts-api-utils cache-miss
1334 silly fetch manifest @typescript-eslint/type-utils@8.67.0
1335 silly packumentCache full:https://registry.npmjs.org/@typescript-eslint%2ftype-utils cache-miss
1336 http cache https://registry.npmjs.org/ignore 8ms (cache hit)
1337 silly packumentCache full:https://registry.npmjs.org/ignore set size:240910 disposed:false
1338 silly fetch manifest @typescript-eslint/visitor-keys@8.67.0
1339 silly packumentCache full:https://registry.npmjs.org/@typescript-eslint%2fvisitor-keys cache-miss
1340 http fetch GET 200 https://registry.npmjs.org/ts-api-utils 71ms (cache miss)
1341 silly packumentCache full:https://registry.npmjs.org/ts-api-utils set size:undefined disposed:false
1342 silly fetch manifest @typescript-eslint/scope-manager@8.67.0
1343 silly packumentCache full:https://registry.npmjs.org/@typescript-eslint%2fscope-manager cache-miss
1344 http fetch GET 200 https://registry.npmjs.org/@typescript-eslint%2ftype-utils 1460ms (cache miss)
1345 silly packumentCache full:https://registry.npmjs.org/@typescript-eslint%2ftype-utils set size:undefined disposed:false
1346 silly fetch manifest @typescript-eslint/types@8.67.0
1347 silly packumentCache full:https://registry.npmjs.org/@typescript-eslint%2ftypes cache-miss
1348 http fetch GET 200 https://registry.npmjs.org/@typescript-eslint%2fscope-manager 1499ms (cache miss)
1349 silly packumentCache full:https://registry.npmjs.org/@typescript-eslint%2fscope-manager set size:undefined disposed:false
1350 silly fetch manifest @typescript-eslint/visitor-keys@8.67.0
1351 silly packumentCache full:https://registry.npmjs.org/@typescript-eslint%2fvisitor-keys cache-miss
1352 http fetch GET 200 https://registry.npmjs.org/@typescript-eslint%2fvisitor-keys 2149ms (cache miss)
1353 silly packumentCache full:https://registry.npmjs.org/@typescript-eslint%2fvisitor-keys set size:undefined disposed:false
1354 silly fetch manifest semver@^7.7.3
1355 silly packumentCache full:https://registry.npmjs.org/semver cache-miss
1356 http cache https://registry.npmjs.org/semver 11ms (cache hit)
1357 silly packumentCache full:https://registry.npmjs.org/semver set size:246069 disposed:false
1358 silly fetch manifest tinyglobby@^0.2.15
1359 silly packumentCache full:https://registry.npmjs.org/tinyglobby cache-miss
1360 http cache https://registry.npmjs.org/tinyglobby 6ms (cache hit)
1361 silly packumentCache full:https://registry.npmjs.org/tinyglobby set size:54291 disposed:false
1362 silly fetch manifest @typescript-eslint/types@8.67.0
1363 silly packumentCache full:https://registry.npmjs.org/@typescript-eslint%2ftypes cache-miss
1364 http fetch GET 200 https://registry.npmjs.org/@typescript-eslint%2fvisitor-keys 1346ms (cache miss)
1365 silly packumentCache full:https://registry.npmjs.org/@typescript-eslint%2fvisitor-keys set size:undefined disposed:false
1366 silly fetch manifest @typescript-eslint/tsconfig-utils@8.67.0
1367 silly packumentCache full:https://registry.npmjs.org/@typescript-eslint%2ftsconfig-utils cache-miss
1368 http fetch GET 200 https://registry.npmjs.org/@typescript-eslint%2ftypes 1646ms (cache miss)
1369 silly packumentCache full:https://registry.npmjs.org/@typescript-eslint%2ftypes set size:undefined disposed:false
1370 silly fetch manifest @typescript-eslint/project-service@8.67.0
1371 silly packumentCache full:https://registry.npmjs.org/@typescript-eslint%2fproject-service cache-miss
1372 http fetch GET 200 https://registry.npmjs.org/@typescript-eslint%2ftsconfig-utils 251ms (cache miss)
1373 silly packumentCache full:https://registry.npmjs.org/@typescript-eslint%2ftsconfig-utils set size:undefined disposed:false
1374 http fetch GET 200 https://registry.npmjs.org/@typescript-eslint%2fproject-service 212ms (cache miss)
1375 silly packumentCache full:https://registry.npmjs.org/@typescript-eslint%2fproject-service set size:undefined disposed:false
1376 http fetch GET 200 https://registry.npmjs.org/@typescript-eslint%2ftypes 1376ms (cache miss)
1377 silly packumentCache full:https://registry.npmjs.org/@typescript-eslint%2ftypes set size:undefined disposed:false
1378 silly placeDep ROOT @typescript-eslint/scope-manager@8.67.0 OK for: @typescript-eslint/eslint-plugin@8.67.0 want: 8.67.0
1379 silly placeDep ROOT @typescript-eslint/type-utils@8.67.0 OK for: @typescript-eslint/eslint-plugin@8.67.0 want: 8.67.0
1380 silly placeDep ROOT @typescript-eslint/visitor-keys@8.67.0 OK for: @typescript-eslint/eslint-plugin@8.67.0 want: 8.67.0
1381 silly placeDep node_modules/@typescript-eslint/eslint-plugin ignore@7.0.6 OK for: @typescript-eslint/eslint-plugin@8.67.0 want: ^7.0.5
1382 silly placeDep ROOT ts-api-utils@2.5.0 OK for: @typescript-eslint/eslint-plugin@8.67.0 want: ^2.5.0
1383 silly placeDep ROOT @typescript-eslint/types@8.67.0 OK for: @typescript-eslint/parser@8.67.0 want: 8.67.0
1384 silly placeDep ROOT @typescript-eslint/project-service@8.67.0 OK for: @typescript-eslint/typescript-estree@8.67.0 want: 8.67.0
1385 silly placeDep ROOT @typescript-eslint/tsconfig-utils@8.67.0 OK for: @typescript-eslint/typescript-estree@8.67.0 want: 8.67.0
1386 silly placeDep node_modules/@typescript-eslint/typescript-estree semver@7.8.5 OK for: @typescript-eslint/typescript-estree@8.67.0 want: ^7.7.3
1387 silly placeDep ROOT tinyglobby@0.2.17 OK for: @typescript-eslint/typescript-estree@8.67.0 want: ^0.2.15
1388 silly fetch manifest @typescript-eslint/tsconfig-utils@^8.67.0
1389 silly packumentCache full:https://registry.npmjs.org/@typescript-eslint%2ftsconfig-utils cache-miss
1390 silly fetch manifest fdir@^6.5.0
1391 silly packumentCache full:https://registry.npmjs.org/fdir cache-miss
1392 silly fetch manifest picomatch@^4.0.4
1393 silly packumentCache full:https://registry.npmjs.org/picomatch cache-miss
1394 http cache https://registry.npmjs.org/@typescript-eslint%2ftsconfig-utils 27ms (cache hit)
1395 silly packumentCache full:https://registry.npmjs.org/@typescript-eslint%2ftsconfig-utils set size:1762325 disposed:false
1396 http cache https://registry.npmjs.org/picomatch 37ms (cache hit)
1397 silly packumentCache full:https://registry.npmjs.org/picomatch set size:128942 disposed:false
1398 http fetch GET 200 https://registry.npmjs.org/fdir 157ms (cache miss)
1399 silly packumentCache full:https://registry.npmjs.org/fdir set size:undefined disposed:false
1400 silly placeDep ROOT fdir@6.5.0 OK for: tinyglobby@0.2.17 want: ^6.5.0
1401 silly placeDep ROOT picomatch@4.0.5 OK for: tinyglobby@0.2.17 want: ^4.0.4
1402 silly placeDep ROOT escalade@3.2.0 OK for: update-browserslist-db@1.3.1 want: ^3.2.0
1403 silly placeDep ROOT punycode@2.3.1 OK for: uri-js@4.4.1 want: ^2.1.0
1404 silly placeDep ROOT @types/d3-array@3.2.2 OK for: victory-vendor@37.3.6 want: ^3.0.3
1405 silly placeDep ROOT @types/d3-ease@3.0.2 OK for: victory-vendor@37.3.6 want: ^3.0.0
1406 silly placeDep ROOT @types/d3-interpolate@3.0.4 OK for: victory-vendor@37.3.6 want: ^3.0.1
1407 silly placeDep ROOT @types/d3-scale@4.0.9 OK for: victory-vendor@37.3.6 want: ^4.0.2
1408 silly placeDep ROOT @types/d3-shape@3.2.0 OK for: victory-vendor@37.3.6 want: ^3.1.0
1409 silly placeDep ROOT @types/d3-time@3.0.4 OK for: victory-vendor@37.3.6 want: ^3.0.0
1410 silly placeDep ROOT @types/d3-timer@3.0.2 OK for: victory-vendor@37.3.6 want: ^3.0.0
1411 silly placeDep ROOT d3-array@3.2.4 OK for: victory-vendor@37.3.6 want: ^3.1.6
1412 silly placeDep ROOT d3-ease@3.0.1 OK for: victory-vendor@37.3.6 want: ^3.0.1
1413 silly placeDep ROOT d3-interpolate@3.0.1 OK for: victory-vendor@37.3.6 want: ^3.0.1
1414 silly placeDep ROOT d3-scale@4.0.2 OK for: victory-vendor@37.3.6 want: ^4.0.2
1415 silly placeDep ROOT d3-shape@3.2.0 OK for: victory-vendor@37.3.6 want: ^3.1.0
1416 silly placeDep ROOT d3-time@3.1.0 OK for: victory-vendor@37.3.6 want: ^3.0.0
1417 silly placeDep ROOT d3-timer@3.0.1 OK for: victory-vendor@37.3.6 want: ^3.0.1
1418 silly fetch manifest @types/d3-color@*
1419 silly packumentCache full:https://registry.npmjs.org/@types%2fd3-color cache-miss
1420 silly fetch manifest @types/d3-time@*
1421 silly packumentCache full:https://registry.npmjs.org/@types%2fd3-time cache-miss
1422 silly fetch manifest @types/d3-path@*
1423 silly packumentCache full:https://registry.npmjs.org/@types%2fd3-path cache-miss
1424 http cache https://registry.npmjs.org/@types%2fd3-time 6ms (cache hit)
1425 silly packumentCache full:https://registry.npmjs.org/@types%2fd3-time set size:52652 disposed:false
1426 silly fetch manifest internmap@1 - 2
1427 silly packumentCache full:https://registry.npmjs.org/internmap cache-miss
1428 http fetch GET 200 https://registry.npmjs.org/internmap 60ms (cache miss)
1429 silly packumentCache full:https://registry.npmjs.org/internmap set size:undefined disposed:false
1430 silly fetch manifest d3-color@1 - 3
1431 silly packumentCache full:https://registry.npmjs.org/d3-color cache-miss
1432 http fetch GET 200 https://registry.npmjs.org/@types%2fd3-path 80ms (cache miss)
1433 silly packumentCache full:https://registry.npmjs.org/@types%2fd3-path set size:undefined disposed:false
1434 silly fetch manifest d3-format@1 - 3
1435 silly packumentCache full:https://registry.npmjs.org/d3-format cache-miss
1436 http fetch GET 200 https://registry.npmjs.org/@types%2fd3-color 84ms (cache miss)
1437 silly packumentCache full:https://registry.npmjs.org/@types%2fd3-color set size:undefined disposed:false
1438 silly fetch manifest d3-time@2.1.1 - 3
1439 silly packumentCache full:https://registry.npmjs.org/d3-time cache-miss
1440 http cache https://registry.npmjs.org/d3-time 6ms (cache hit)
1441 silly packumentCache full:https://registry.npmjs.org/d3-time set size:150406 disposed:false
1442 silly fetch manifest d3-time-format@2 - 4
1443 silly packumentCache full:https://registry.npmjs.org/d3-time-format cache-miss
1444 http fetch GET 200 https://registry.npmjs.org/d3-color 53ms (cache miss)
1445 silly packumentCache full:https://registry.npmjs.org/d3-color set size:undefined disposed:false
1446 silly fetch manifest d3-path@^3.1.0
1447 silly packumentCache full:https://registry.npmjs.org/d3-path cache-miss
1448 http fetch GET 200 https://registry.npmjs.org/d3-format 47ms (cache miss)
1449 silly packumentCache full:https://registry.npmjs.org/d3-format set size:undefined disposed:false
1450 http fetch GET 200 https://registry.npmjs.org/d3-time-format 61ms (cache miss)
1451 silly packumentCache full:https://registry.npmjs.org/d3-time-format set size:undefined disposed:false
1452 http fetch GET 200 https://registry.npmjs.org/d3-path 47ms (cache miss)
1453 silly packumentCache full:https://registry.npmjs.org/d3-path set size:undefined disposed:false
1454 silly placeDep ROOT @types/d3-color@3.1.3 OK for: @types/d3-interpolate@3.0.4 want: *
1455 silly placeDep ROOT @types/d3-path@3.1.1 OK for: @types/d3-shape@3.2.0 want: *
1456 silly placeDep ROOT internmap@2.0.3 OK for: d3-array@3.2.4 want: 1 - 2
1457 silly placeDep ROOT d3-color@3.1.0 OK for: d3-interpolate@3.0.1 want: 1 - 3
1458 silly placeDep ROOT d3-format@3.1.2 OK for: d3-scale@4.0.2 want: 1 - 3
1459 silly placeDep ROOT d3-time-format@4.1.0 OK for: d3-scale@4.0.2 want: 2 - 4
1460 silly placeDep ROOT d3-path@3.1.0 OK for: d3-shape@3.2.0 want: ^3.1.0
1461 silly placeDep ROOT fsevents@2.3.3 OK for: vite@8.2.2 want: ~2.3.3
1462 silly placeDep ROOT lightningcss@1.33.0 OK for: vite@8.2.2 want: ^1.33.0
1463 silly placeDep ROOT postcss@8.5.26 OK for: vite@8.2.2 want: ^8.5.26
1464 silly placeDep ROOT rolldown@1.2.5 OK for: vite@8.2.2 want: ~1.2.4
1465 silly fetch manifest detect-libc@^2.0.3
1466 silly packumentCache full:https://registry.npmjs.org/detect-libc cache-miss
1467 silly fetch manifest lightningcss-darwin-x64@1.33.0
1468 silly packumentCache full:https://registry.npmjs.org/lightningcss-darwin-x64 cache-miss
1469 silly fetch manifest lightningcss-linux-x64-gnu@1.33.0
1470 silly packumentCache full:https://registry.npmjs.org/lightningcss-linux-x64-gnu cache-miss
1471 http fetch GET 200 https://registry.npmjs.org/detect-libc 38ms (cache miss)
1472 silly packumentCache full:https://registry.npmjs.org/detect-libc set size:undefined disposed:false
1473 silly fetch manifest lightningcss-win32-x64-msvc@1.33.0
1474 silly packumentCache full:https://registry.npmjs.org/lightningcss-win32-x64-msvc cache-miss
1475 http fetch GET 200 https://registry.npmjs.org/lightningcss-linux-x64-gnu 48ms (cache miss)
1476 silly packumentCache full:https://registry.npmjs.org/lightningcss-linux-x64-gnu set size:undefined disposed:false
1477 silly fetch manifest lightningcss-win32-arm64-msvc@1.33.0
1478 silly packumentCache full:https://registry.npmjs.org/lightningcss-win32-arm64-msvc cache-miss
1479 http fetch GET 200 https://registry.npmjs.org/lightningcss-darwin-x64 51ms (cache miss)
1480 silly packumentCache full:https://registry.npmjs.org/lightningcss-darwin-x64 set size:undefined disposed:false
1481 silly fetch manifest lightningcss-darwin-arm64@1.33.0
1482 silly packumentCache full:https://registry.npmjs.org/lightningcss-darwin-arm64 cache-miss
1483 http fetch GET 200 https://registry.npmjs.org/lightningcss-win32-x64-msvc 42ms (cache miss)
1484 silly packumentCache full:https://registry.npmjs.org/lightningcss-win32-x64-msvc set size:undefined disposed:false
1485 silly fetch manifest lightningcss-linux-arm64-gnu@1.33.0
1486 silly packumentCache full:https://registry.npmjs.org/lightningcss-linux-arm64-gnu cache-miss
1487 http fetch GET 200 https://registry.npmjs.org/lightningcss-win32-arm64-msvc 59ms (cache miss)
1488 silly packumentCache full:https://registry.npmjs.org/lightningcss-win32-arm64-msvc set size:undefined disposed:false
1489 silly fetch manifest lightningcss-linux-arm-gnueabihf@1.33.0
1490 silly packumentCache full:https://registry.npmjs.org/lightningcss-linux-arm-gnueabihf cache-miss
1491 http fetch GET 200 https://registry.npmjs.org/lightningcss-darwin-arm64 62ms (cache miss)
1492 silly packumentCache full:https://registry.npmjs.org/lightningcss-darwin-arm64 set size:undefined disposed:false
1493 silly fetch manifest lightningcss-linux-arm64-musl@1.33.0
1494 silly packumentCache full:https://registry.npmjs.org/lightningcss-linux-arm64-musl cache-miss
1495 http fetch GET 200 https://registry.npmjs.org/lightningcss-linux-arm64-gnu 40ms (cache miss)
1496 silly packumentCache full:https://registry.npmjs.org/lightningcss-linux-arm64-gnu set size:undefined disposed:false
1497 silly fetch manifest lightningcss-linux-x64-musl@1.33.0
1498 silly packumentCache full:https://registry.npmjs.org/lightningcss-linux-x64-musl cache-miss
1499 http fetch GET 200 https://registry.npmjs.org/lightningcss-linux-arm-gnueabihf 45ms (cache miss)
1500 silly packumentCache full:https://registry.npmjs.org/lightningcss-linux-arm-gnueabihf set size:undefined disposed:false
1501 silly fetch manifest lightningcss-freebsd-x64@1.33.0
1502 silly packumentCache full:https://registry.npmjs.org/lightningcss-freebsd-x64 cache-miss
1503 http fetch GET 200 https://registry.npmjs.org/lightningcss-linux-arm64-musl 54ms (cache miss)
1504 silly packumentCache full:https://registry.npmjs.org/lightningcss-linux-arm64-musl set size:undefined disposed:false
1505 silly fetch manifest lightningcss-android-arm64@1.33.0
1506 silly packumentCache full:https://registry.npmjs.org/lightningcss-android-arm64 cache-miss
1507 http fetch GET 200 https://registry.npmjs.org/lightningcss-linux-x64-musl 59ms (cache miss)
1508 silly packumentCache full:https://registry.npmjs.org/lightningcss-linux-x64-musl set size:undefined disposed:false
1509 silly fetch manifest nanoid@^3.3.17
1510 silly packumentCache full:https://registry.npmjs.org/nanoid cache-miss
1511 http fetch GET 200 https://registry.npmjs.org/lightningcss-android-arm64 42ms (cache miss)
1512 silly packumentCache full:https://registry.npmjs.org/lightningcss-android-arm64 set size:undefined disposed:false
1513 silly fetch manifest source-map-js@^1.2.1
1514 silly packumentCache full:https://registry.npmjs.org/source-map-js cache-miss
1515 http fetch GET 200 https://registry.npmjs.org/nanoid 77ms (cache miss)
1516 silly packumentCache full:https://registry.npmjs.org/nanoid set size:undefined disposed:false
1517 silly fetch manifest @oxc-project/types@=0.146.0
1518 silly packumentCache full:https://registry.npmjs.org/@oxc-project%2ftypes cache-miss
1519 http fetch GET 200 https://registry.npmjs.org/source-map-js 54ms (cache miss)
1520 silly packumentCache full:https://registry.npmjs.org/source-map-js set size:undefined disposed:false
1521 silly fetch manifest @rolldown/binding-darwin-x64@1.2.5
1522 silly packumentCache full:https://registry.npmjs.org/@rolldown%2fbinding-darwin-x64 cache-miss
1523 http fetch GET 200 https://registry.npmjs.org/@oxc-project%2ftypes 64ms (cache miss)
1524 silly packumentCache full:https://registry.npmjs.org/@oxc-project%2ftypes set size:undefined disposed:false
1525 silly fetch manifest @rolldown/binding-freebsd-x64@1.2.5
1526 silly packumentCache full:https://registry.npmjs.org/@rolldown%2fbinding-freebsd-x64 cache-miss
1527 http fetch GET 200 https://registry.npmjs.org/lightningcss-freebsd-x64 260ms (cache miss)
1528 silly packumentCache full:https://registry.npmjs.org/lightningcss-freebsd-x64 set size:undefined disposed:false
1529 silly fetch manifest @rolldown/binding-darwin-arm64@1.2.5
1530 silly packumentCache full:https://registry.npmjs.org/@rolldown%2fbinding-darwin-arm64 cache-miss
1531 http fetch GET 200 https://registry.npmjs.org/@rolldown%2fbinding-darwin-x64 181ms (cache miss)
1532 silly packumentCache full:https://registry.npmjs.org/@rolldown%2fbinding-darwin-x64 set size:undefined disposed:false
1533 silly fetch manifest @rolldown/binding-android-arm64@1.2.5
1534 silly packumentCache full:https://registry.npmjs.org/@rolldown%2fbinding-android-arm64 cache-miss
1535 http fetch GET 200 https://registry.npmjs.org/@rolldown%2fbinding-freebsd-x64 167ms (cache miss)
1536 silly packumentCache full:https://registry.npmjs.org/@rolldown%2fbinding-freebsd-x64 set size:undefined disposed:false
1537 silly fetch manifest @rolldown/binding-linux-x64-gnu@1.2.5
1538 silly packumentCache full:https://registry.npmjs.org/@rolldown%2fbinding-linux-x64-gnu cache-miss
1539 http fetch GET 200 https://registry.npmjs.org/@rolldown%2fbinding-android-arm64 98ms (cache miss)
1540 silly packumentCache full:https://registry.npmjs.org/@rolldown%2fbinding-android-arm64 set size:undefined disposed:false
1541 silly fetch manifest @rolldown/binding-linux-x64-musl@1.2.5
1542 silly packumentCache full:https://registry.npmjs.org/@rolldown%2fbinding-linux-x64-musl cache-miss
1543 http fetch GET 200 https://registry.npmjs.org/@rolldown%2fbinding-darwin-arm64 211ms (cache miss)
1544 silly packumentCache full:https://registry.npmjs.org/@rolldown%2fbinding-darwin-arm64 set size:undefined disposed:false
1545 silly fetch manifest @rolldown/binding-win32-x64-msvc@1.2.5
1546 silly packumentCache full:https://registry.npmjs.org/@rolldown%2fbinding-win32-x64-msvc cache-miss
1547 http fetch GET 200 https://registry.npmjs.org/@rolldown%2fbinding-linux-x64-musl 169ms (cache miss)
1548 silly packumentCache full:https://registry.npmjs.org/@rolldown%2fbinding-linux-x64-musl set size:undefined disposed:false
1549 silly fetch manifest @rolldown/binding-linux-arm64-gnu@1.2.5
1550 silly packumentCache full:https://registry.npmjs.org/@rolldown%2fbinding-linux-arm64-gnu cache-miss
1551 http fetch GET 200 https://registry.npmjs.org/@rolldown%2fbinding-linux-x64-gnu 333ms (cache miss)
1552 silly packumentCache full:https://registry.npmjs.org/@rolldown%2fbinding-linux-x64-gnu set size:undefined disposed:false
1553 silly fetch manifest @rolldown/binding-linux-ppc64-gnu@1.2.5
1554 silly packumentCache full:https://registry.npmjs.org/@rolldown%2fbinding-linux-ppc64-gnu cache-miss
1555 http fetch GET 200 https://registry.npmjs.org/@rolldown%2fbinding-win32-x64-msvc 211ms (cache miss)
1556 silly packumentCache full:https://registry.npmjs.org/@rolldown%2fbinding-win32-x64-msvc set size:undefined disposed:false
1557 silly fetch manifest @rolldown/binding-linux-s390x-gnu@1.2.5
1558 silly packumentCache full:https://registry.npmjs.org/@rolldown%2fbinding-linux-s390x-gnu cache-miss
1559 http fetch GET 200 https://registry.npmjs.org/@rolldown%2fbinding-linux-ppc64-gnu 56ms (cache miss)
1560 silly packumentCache full:https://registry.npmjs.org/@rolldown%2fbinding-linux-ppc64-gnu set size:undefined disposed:false
1561 silly fetch manifest @rolldown/binding-android-arm-eabi@1.2.5
1562 silly packumentCache full:https://registry.npmjs.org/@rolldown%2fbinding-android-arm-eabi cache-miss
1563 http fetch GET 200 https://registry.npmjs.org/@rolldown%2fbinding-linux-arm64-gnu 171ms (cache miss)
1564 silly packumentCache full:https://registry.npmjs.org/@rolldown%2fbinding-linux-arm64-gnu set size:undefined disposed:false
1565 silly fetch manifest @rolldown/binding-linux-arm64-musl@1.2.5
1566 silly packumentCache full:https://registry.npmjs.org/@rolldown%2fbinding-linux-arm64-musl cache-miss
1567 http fetch GET 200 https://registry.npmjs.org/@rolldown%2fbinding-linux-s390x-gnu 65ms (cache miss)
1568 silly packumentCache full:https://registry.npmjs.org/@rolldown%2fbinding-linux-s390x-gnu set size:undefined disposed:false
1569 silly fetch manifest @rolldown/binding-win32-arm64-msvc@1.2.5
1570 silly packumentCache full:https://registry.npmjs.org/@rolldown%2fbinding-win32-arm64-msvc cache-miss
1571 http fetch GET 200 https://registry.npmjs.org/@rolldown%2fbinding-android-arm-eabi 60ms (cache miss)
1572 silly packumentCache full:https://registry.npmjs.org/@rolldown%2fbinding-android-arm-eabi set size:undefined disposed:false
1573 silly fetch manifest @rolldown/binding-openharmony-arm64@1.2.5
1574 silly packumentCache full:https://registry.npmjs.org/@rolldown%2fbinding-openharmony-arm64 cache-miss
1575 http fetch GET 200 https://registry.npmjs.org/@rolldown%2fbinding-openharmony-arm64 63ms (cache miss)
1576 silly packumentCache full:https://registry.npmjs.org/@rolldown%2fbinding-openharmony-arm64 set size:undefined disposed:false
1577 silly fetch manifest @rolldown/binding-linux-arm-gnueabihf@1.2.5
1578 silly packumentCache full:https://registry.npmjs.org/@rolldown%2fbinding-linux-arm-gnueabihf cache-miss
1579 http fetch GET 200 https://registry.npmjs.org/@rolldown%2fbinding-linux-arm64-musl 164ms (cache miss)
1580 silly packumentCache full:https://registry.npmjs.org/@rolldown%2fbinding-linux-arm64-musl set size:undefined disposed:false
1581 http fetch GET 200 https://registry.npmjs.org/@rolldown%2fbinding-win32-arm64-msvc 231ms (cache miss)
1582 silly packumentCache full:https://registry.npmjs.org/@rolldown%2fbinding-win32-arm64-msvc set size:undefined disposed:false
1583 http fetch GET 200 https://registry.npmjs.org/@rolldown%2fbinding-linux-arm-gnueabihf 142ms (cache miss)
1584 silly packumentCache full:https://registry.npmjs.org/@rolldown%2fbinding-linux-arm-gnueabihf set size:undefined disposed:false
1585 silly placeDep ROOT detect-libc@2.1.2 OK for: lightningcss@1.33.0 want: ^2.0.3
1586 silly placeDep ROOT lightningcss-android-arm64@1.33.0 OK for: lightningcss@1.33.0 want: 1.33.0
1587 silly placeDep ROOT lightningcss-darwin-arm64@1.33.0 OK for: lightningcss@1.33.0 want: 1.33.0
1588 silly placeDep ROOT lightningcss-darwin-x64@1.33.0 OK for: lightningcss@1.33.0 want: 1.33.0
1589 silly placeDep ROOT lightningcss-freebsd-x64@1.33.0 OK for: lightningcss@1.33.0 want: 1.33.0
1590 silly placeDep ROOT lightningcss-linux-arm-gnueabihf@1.33.0 OK for: lightningcss@1.33.0 want: 1.33.0
1591 silly placeDep ROOT lightningcss-linux-arm64-gnu@1.33.0 OK for: lightningcss@1.33.0 want: 1.33.0
1592 silly placeDep ROOT lightningcss-linux-arm64-musl@1.33.0 OK for: lightningcss@1.33.0 want: 1.33.0
1593 silly placeDep ROOT lightningcss-linux-x64-gnu@1.33.0 OK for: lightningcss@1.33.0 want: 1.33.0
1594 silly placeDep ROOT lightningcss-linux-x64-musl@1.33.0 OK for: lightningcss@1.33.0 want: 1.33.0
1595 silly placeDep ROOT lightningcss-win32-arm64-msvc@1.33.0 OK for: lightningcss@1.33.0 want: 1.33.0
1596 silly placeDep ROOT lightningcss-win32-x64-msvc@1.33.0 OK for: lightningcss@1.33.0 want: 1.33.0
1597 silly placeDep ROOT nanoid@3.3.18 OK for: postcss@8.5.26 want: ^3.3.17
1598 silly placeDep ROOT source-map-js@1.2.1 OK for: postcss@8.5.26 want: ^1.2.1
1599 silly placeDep ROOT @oxc-project/types@0.146.0 OK for: rolldown@1.2.5 want: =0.146.0
1600 silly placeDep ROOT @rolldown/binding-android-arm-eabi@1.2.5 OK for: rolldown@1.2.5 want: 1.2.5
1601 silly placeDep ROOT @rolldown/binding-android-arm64@1.2.5 OK for: rolldown@1.2.5 want: 1.2.5
1602 silly placeDep ROOT @rolldown/binding-darwin-arm64@1.2.5 OK for: rolldown@1.2.5 want: 1.2.5
1603 silly placeDep ROOT @rolldown/binding-darwin-x64@1.2.5 OK for: rolldown@1.2.5 want: 1.2.5
1604 silly placeDep ROOT @rolldown/binding-freebsd-x64@1.2.5 OK for: rolldown@1.2.5 want: 1.2.5
1605 silly placeDep ROOT @rolldown/binding-linux-arm-gnueabihf@1.2.5 OK for: rolldown@1.2.5 want: 1.2.5
1606 silly placeDep ROOT @rolldown/binding-linux-arm64-gnu@1.2.5 OK for: rolldown@1.2.5 want: 1.2.5
1607 silly placeDep ROOT @rolldown/binding-linux-arm64-musl@1.2.5 OK for: rolldown@1.2.5 want: 1.2.5
1608 silly placeDep ROOT @rolldown/binding-linux-ppc64-gnu@1.2.5 OK for: rolldown@1.2.5 want: 1.2.5
1609 silly placeDep ROOT @rolldown/binding-linux-s390x-gnu@1.2.5 OK for: rolldown@1.2.5 want: 1.2.5
1610 silly placeDep ROOT @rolldown/binding-linux-x64-gnu@1.2.5 OK for: rolldown@1.2.5 want: 1.2.5
1611 silly placeDep ROOT @rolldown/binding-linux-x64-musl@1.2.5 OK for: rolldown@1.2.5 want: 1.2.5
1612 silly placeDep ROOT @rolldown/binding-openharmony-arm64@1.2.5 OK for: rolldown@1.2.5 want: 1.2.5
1613 silly placeDep ROOT @rolldown/binding-win32-arm64-msvc@1.2.5 OK for: rolldown@1.2.5 want: 1.2.5
1614 silly placeDep ROOT @rolldown/binding-win32-x64-msvc@1.2.5 OK for: rolldown@1.2.5 want: 1.2.5
1615 silly placeDep ROOT isexe@2.0.0 OK for: which@2.0.2 want: ^2.0.0
1616 silly reify moves {}
1617 silly audit bulk request {
1617 silly audit   '@eslint/js': [ '10.0.1' ],
1617 silly audit   '@types/react': [ '19.2.18' ],
1617 silly audit   '@types/react-dom': [ '19.2.4' ],
1617 silly audit   '@vitejs/plugin-react': [ '6.1.0' ],
1617 silly audit   vite: [ '8.2.2' ],
1617 silly audit   axios: [ '1.19.0' ],
1617 silly audit   eslint: [ '10.9.0' ],
1617 silly audit   'eslint-plugin-react-hooks': [ '7.1.1' ],
1617 silly audit   'eslint-plugin-react-refresh': [ '0.5.4' ],
1617 silly audit   globals: [ '17.11.0' ],
1617 silly audit   'lucide-react': [ '1.33.0' ],
1617 silly audit   react: [ '19.2.8' ],
1617 silly audit   'react-dom': [ '19.2.8' ],
1617 silly audit   'react-router-dom': [ '7.18.2' ],
1617 silly audit   recharts: [ '3.10.1' ],
1617 silly audit   'react-is': [ '19.2.8' ],
1617 silly audit   'typescript-eslint': [ '8.67.0' ],
1617 silly audit   typescript: [ '6.0.3' ],
1617 silly audit   csstype: [ '3.2.3' ],
1617 silly audit   '@rolldown/pluginutils': [ '1.0.1' ],
1617 silly audit   'follow-redirects': [ '1.16.0' ],
1617 silly audit   'form-data': [ '4.0.6' ],
1617 silly audit   'https-proxy-agent': [ '5.0.1' ],
1617 silly audit   'proxy-from-env': [ '2.1.0' ],
1617 silly audit   '@eslint-community/eslint-utils': [ '4.10.1' ],
1617 silly audit   '@eslint-community/regexpp': [ '4.12.2' ],
1617 silly audit   '@eslint/config-array': [ '0.23.5' ],
1617 silly audit   '@eslint/config-helpers': [ '0.7.0' ],
1617 silly audit   '@eslint/core': [ '1.2.1' ],
1617 silly audit   '@eslint/plugin-kit': [ '0.7.2' ],
1617 silly audit   '@humanfs/node': [ '0.16.8' ],
1617 silly audit   '@humanwhocodes/module-importer': [ '1.0.1' ],
1617 silly audit   '@humanwhocodes/retry': [ '0.4.3' ],
1617 silly audit   '@types/estree': [ '1.0.9' ],
1617 silly audit   ajv: [ '6.15.0' ],
1617 silly audit   'cross-spawn': [ '7.0.6' ],
1617 silly audit   debug: [ '4.4.3' ],
1617 silly audit   'escape-string-regexp': [ '4.0.0' ],
1617 silly audit   'eslint-scope': [ '9.1.2' ],
1617 silly audit   'eslint-visitor-keys': [ '5.0.1', '3.4.3' ],
1617 silly audit   espree: [ '11.2.0' ],
1617 silly audit   esquery: [ '1.7.0' ],
1617 silly audit   esutils: [ '2.0.3' ],
1617 silly audit   'fast-deep-equal': [ '3.1.3' ],
1617 silly audit   'file-entry-cache': [ '8.0.0' ],
1617 silly audit   'find-up': [ '5.0.0' ],
1617 silly audit   'glob-parent': [ '6.0.2' ],
1617 silly audit   ignore: [ '5.3.2', '7.0.6' ],
1617 silly audit   imurmurhash: [ '0.1.4' ],
1617 silly audit   'is-glob': [ '4.0.3' ],
1617 silly audit   'json-stable-stringify-without-jsonify': [ '1.0.1' ],
1617 silly audit   minimatch: [ '10.2.6' ],
1617 silly audit   'natural-compare': [ '1.4.0' ],
1617 silly audit   optionator: [ '0.9.4' ],
1617 silly audit   '@eslint/object-schema': [ '3.0.5' ],
1617 silly audit   '@types/json-schema': [ '7.0.15' ],
1617 silly audit   levn: [ '0.4.1' ],
1617 silly audit   '@humanfs/core': [ '0.19.2' ],
1617 silly audit   '@humanfs/types': [ '0.15.0' ],
1617 silly audit   'fast-json-stable-stringify': [ '2.1.0' ],
1617 silly audit   'json-schema-traverse': [ '0.4.1' ],
1617 silly audit   'uri-js': [ '4.4.1' ],
1617 silly audit   'path-key': [ '3.1.1' ],
1617 silly audit   'shebang-command': [ '2.0.0' ],
1617 silly audit   which: [ '2.0.2' ],
1617 silly audit   ms: [ '2.1.3' ],
1617 silly audit   '@babel/core': [ '7.29.7' ],
1617 silly audit   '@babel/parser': [ '7.29.8' ],
1617 silly audit   'hermes-parser': [ '0.25.1' ],
1617 silly audit   zod: [ '4.4.3' ],
1617 silly audit   'zod-validation-error': [ '4.0.2' ],
1617 silly audit   '@babel/code-frame': [ '7.29.7' ],
1617 silly audit   '@babel/generator': [ '7.29.8' ],
1617 silly audit   '@babel/helper-compilation-targets': [ '7.29.7' ],
1617 silly audit   '@babel/helper-module-transforms': [ '7.29.7' ],
1617 silly audit   '@babel/helpers': [ '7.29.7' ],
1617 silly audit   '@babel/template': [ '7.29.7' ],
1617 silly audit   '@babel/traverse': [ '7.29.8' ],
1617 silly audit   '@babel/types': [ '7.29.8' ],
1617 silly audit   '@jridgewell/remapping': [ '2.3.5' ],
1617 silly audit   'convert-source-map': [ '2.0.0' ],
1617 silly audit   gensync: [ '1.0.0-beta.2' ],
1617 silly audit   json5: [ '2.2.3' ],
1617 silly audit   semver: [ '6.3.1', '7.8.5' ],
1617 silly audit   '@babel/helper-validator-identifier': [ '7.29.7' ],
1617 silly audit   'js-tokens': [ '4.0.0' ],
1617 silly audit   picocolors: [ '1.1.1' ],
1617 silly audit   '@jridgewell/gen-mapping': [ '0.3.13' ],
1617 silly audit   '@jridgewell/trace-mapping': [ '0.3.31' ],
1617 silly audit   jsesc: [ '3.1.0' ],
1617 silly audit   '@babel/compat-data': [ '7.29.7' ],
1617 silly audit   '@babel/helper-validator-option': [ '7.29.7' ],
1617 silly audit   browserslist: [ '4.28.8' ],
1617 silly audit   'lru-cache': [ '5.1.1' ],
1617 silly audit   '@babel/helper-module-imports': [ '7.29.7' ],
1617 silly audit   '@babel/helper-globals': [ '7.29.7' ],
1617 silly audit   '@babel/helper-string-parser': [ '7.29.7' ],
1617 silly audit   '@jridgewell/sourcemap-codec': [ '1.5.5' ],
1617 silly audit   '@jridgewell/resolve-uri': [ '3.1.2' ],
1617 silly audit   'baseline-browser-mapping': [ '2.11.18' ],
1617 silly audit   'caniuse-lite': [ '1.0.30001809' ],
1617 silly audit   'electron-to-chromium': [ '1.5.412' ],
1617 silly audit   'node-releases': [ '2.0.53' ],
1617 silly audit   'update-browserslist-db': [ '1.3.1' ],
1617 silly audit   '@types/esrecurse': [ '4.3.1' ],
1617 silly audit   esrecurse: [ '4.3.0' ],
1617 silly audit   estraverse: [ '5.3.0' ],
1617 silly audit   acorn: [ '8.18.0' ],
1617 silly audit   'acorn-jsx': [ '5.3.2' ],
1617 silly audit   'flat-cache': [ '4.0.1' ],
1617 silly audit   'locate-path': [ '6.0.0' ],
1617 silly audit   'path-exists': [ '4.0.0' ],
1617 silly audit   flatted: [ '3.4.4' ],
1617 silly audit   keyv: [ '4.5.4' ],
1617 silly audit   asynckit: [ '0.4.0' ],
1617 silly audit   'combined-stream': [ '1.0.8' ],
1617 silly audit   'es-set-tostringtag': [ '2.1.0' ],
1617 silly audit   hasown: [ '2.0.4' ],
1617 silly audit   'mime-types': [ '2.1.35' ],
1617 silly audit   'delayed-stream': [ '1.0.0' ],
1617 silly audit   'es-errors': [ '1.3.0' ],
1617 silly audit   'get-intrinsic': [ '1.3.0' ],
1617 silly audit   'has-tostringtag': [ '1.0.2' ],
1617 silly audit   'call-bind-apply-helpers': [ '1.0.2' ],
1617 silly audit   'es-define-property': [ '1.0.1' ],
1617 silly audit   'es-object-atoms': [ '1.1.2' ],
1617 silly audit   'function-bind': [ '1.1.2' ],
1617 silly audit   'get-proto': [ '1.0.1' ],
1617 silly audit   gopd: [ '1.2.0' ],
1617 silly audit   'has-symbols': [ '1.1.0' ],
1617 silly audit   'math-intrinsics': [ '1.1.0' ],
1617 silly audit   'dunder-proto': [ '1.0.1' ],
1617 silly audit   'hermes-estree': [ '0.25.1' ],
1617 silly audit   'agent-base': [ '6.0.2' ],
1617 silly audit   'is-extglob': [ '2.1.1' ],
1617 silly audit   'json-buffer': [ '3.0.1' ],
1617 silly audit   'prelude-ls': [ '1.2.1' ],
1617 silly audit   'type-check': [ '0.4.0' ],
1617 silly audit   'p-locate': [ '5.0.0' ],
1617 silly audit   yallist: [ '3.1.1' ],
1617 silly audit   'mime-db': [ '1.52.0' ],
1617 silly audit   'brace-expansion': [ '5.0.9' ],
1617 silly audit   'balanced-match': [ '4.0.4' ],
1617 silly audit   'deep-is': [ '0.1.4' ],
1617 silly audit   'fast-levenshtein': [ '2.0.6' ],
1617 silly audit   'word-wrap': [ '1.2.5' ],
1617 silly audit   'p-limit': [ '3.1.0' ],
1617 silly audit   'yocto-queue': [ '0.1.0' ],
1617 silly audit   scheduler: [ '0.27.0' ],
1617 silly audit   'react-router': [ '7.18.2' ],
1617 silly audit   cookie: [ '1.1.1' ],
1617 silly audit   'set-cookie-parser': [ '2.7.2' ],
1617 silly audit   '@reduxjs/toolkit': [ '2.12.0' ],
1617 silly audit   clsx: [ '2.1.1' ],
1617 silly audit   'decimal.js-light': [ '2.5.1' ],
1617 silly audit   'es-toolkit': [ '1.51.0' ],
1617 silly audit   eventemitter3: [ '5.0.4' ],
1617 silly audit   immer: [ '11.1.18' ],
1617 silly audit   'react-redux': [ '9.3.0' ],
1617 silly audit   reselect: [ '5.2.0' ],
1617 silly audit   'tiny-invariant': [ '1.3.3' ],
1617 silly audit   'use-sync-external-store': [ '1.6.0' ],
1617 silly audit   'victory-vendor': [ '37.3.6' ],
1617 silly audit   '@standard-schema/spec': [ '1.1.0' ],
1617 silly audit   '@standard-schema/utils': [ '0.3.0' ],
1617 silly audit   redux: [ '5.0.1' ],
1617 silly audit   'redux-thunk': [ '3.1.0' ],
1617 silly audit   '@types/use-sync-external-store': [ '0.0.6' ],
1617 silly audit   'shebang-regex': [ '3.0.0' ],
1617 silly audit   '@typescript-eslint/eslint-plugin': [ '8.67.0' ],
1617 silly audit   '@typescript-eslint/parser': [ '8.67.0' ],
1617 silly audit   '@typescript-eslint/typescript-estree': [ '8.67.0' ],
1617 silly audit   '@typescript-eslint/utils': [ '8.67.0' ],
1617 silly audit   '@typescript-eslint/scope-manager': [ '8.67.0' ],
1617 silly audit   '@typescript-eslint/type-utils': [ '8.67.0' ],
1617 silly audit   '@typescript-eslint/visitor-keys': [ '8.67.0' ],
1617 silly audit   'ts-api-utils': [ '2.5.0' ],
1617 silly audit   '@typescript-eslint/types': [ '8.67.0' ],
1617 silly audit   '@typescript-eslint/project-service': [ '8.67.0' ],
1617 silly audit   '@typescript-eslint/tsconfig-utils': [ '8.67.0' ],
1617 silly audit   tinyglobby: [ '0.2.17' ],
1617 silly audit   fdir: [ '6.5.0' ],
1617 silly audit   picomatch: [ '4.0.5' ],
1617 silly audit   escalade: [ '3.2.0' ],
1617 silly audit   punycode: [ '2.3.1' ],
1617 silly audit   '@types/d3-array': [ '3.2.2' ],
1617 silly audit   '@types/d3-ease': [ '3.0.2' ],
1617 silly audit   '@types/d3-interpolate': [ '3.0.4' ],
1617 silly audit   '@types/d3-scale': [ '4.0.9' ],
1617 silly audit   '@types/d3-shape': [ '3.2.0' ],
1617 silly audit   '@types/d3-time': [ '3.0.4' ],
1617 silly audit   '@types/d3-timer': [ '3.0.2' ],
1617 silly audit   'd3-array': [ '3.2.4' ],
1617 silly audit   'd3-ease': [ '3.0.1' ],
1617 silly audit   'd3-interpolate': [ '3.0.1' ],
1617 silly audit   'd3-scale': [ '4.0.2' ],
1617 silly audit   'd3-shape': [ '3.2.0' ],
1617 silly audit   'd3-time': [ '3.1.0' ],
1617 silly audit   'd3-timer': [ '3.0.1' ],
1617 silly audit   '@types/d3-color': [ '3.1.3' ],
1617 silly audit   '@types/d3-path': [ '3.1.1' ],
1617 silly audit   internmap: [ '2.0.3' ],
1617 silly audit   'd3-color': [ '3.1.0' ],
1617 silly audit   'd3-format': [ '3.1.2' ],
1617 silly audit   'd3-time-format': [ '4.1.0' ],
1617 silly audit   'd3-path': [ '3.1.0' ],
1617 silly audit   fsevents: [ '2.3.3' ],
1617 silly audit   lightningcss: [ '1.33.0' ],
1617 silly audit   postcss: [ '8.5.26' ],
1617 silly audit   rolldown: [ '1.2.5' ],
1617 silly audit   'detect-libc': [ '2.1.2' ],
1617 silly audit   'lightningcss-android-arm64': [ '1.33.0' ],
1617 silly audit   'lightningcss-darwin-arm64': [ '1.33.0' ],
1617 silly audit   'lightningcss-darwin-x64': [ '1.33.0' ],
1617 silly audit   'lightningcss-freebsd-x64': [ '1.33.0' ],
1617 silly audit   'lightningcss-linux-arm-gnueabihf': [ '1.33.0' ],
1617 silly audit   'lightningcss-linux-arm64-gnu': [ '1.33.0' ],
1617 silly audit   'lightningcss-linux-arm64-musl': [ '1.33.0' ],
1617 silly audit   'lightningcss-linux-x64-gnu': [ '1.33.0' ],
1617 silly audit   'lightningcss-linux-x64-musl': [ '1.33.0' ],
1617 silly audit   'lightningcss-win32-arm64-msvc': [ '1.33.0' ],
1617 silly audit   'lightningcss-win32-x64-msvc': [ '1.33.0' ],
1617 silly audit   nanoid: [ '3.3.18' ],
1617 silly audit   'source-map-js': [ '1.2.1' ],
1617 silly audit   '@oxc-project/types': [ '0.146.0' ],
1617 silly audit   '@rolldown/binding-android-arm-eabi': [ '1.2.5' ],
1617 silly audit   '@rolldown/binding-android-arm64': [ '1.2.5' ],
1617 silly audit   '@rolldown/binding-darwin-arm64': [ '1.2.5' ],
1617 silly audit   '@rolldown/binding-darwin-x64': [ '1.2.5' ],
1617 silly audit   '@rolldown/binding-freebsd-x64': [ '1.2.5' ],
1617 silly audit   '@rolldown/binding-linux-arm-gnueabihf': [ '1.2.5' ],
1617 silly audit   '@rolldown/binding-linux-arm64-gnu': [ '1.2.5' ],
1617 silly audit   '@rolldown/binding-linux-arm64-musl': [ '1.2.5' ],
1617 silly audit   '@rolldown/binding-linux-ppc64-gnu': [ '1.2.5' ],
1617 silly audit   '@rolldown/binding-linux-s390x-gnu': [ '1.2.5' ],
1617 silly audit   '@rolldown/binding-linux-x64-gnu': [ '1.2.5' ],
1617 silly audit   '@rolldown/binding-linux-x64-musl': [ '1.2.5' ],
1617 silly audit   '@rolldown/binding-openharmony-arm64': [ '1.2.5' ],
1617 silly audit   '@rolldown/binding-win32-arm64-msvc': [ '1.2.5' ],
1617 silly audit   '@rolldown/binding-win32-x64-msvc': [ '1.2.5' ],
1617 silly audit   isexe: [ '2.0.0' ]
1617 silly audit }
1618 http cache isexe@https://registry.npmjs.org/isexe/-/isexe-2.0.0.tgz 0ms (cache hit)
1619 http cache @oxc-project/types@https://registry.npmjs.org/@oxc-project/types/-/types-0.146.0.tgz 0ms (cache hit)
1620 http cache @rolldown/binding-win32-x64-msvc@https://registry.npmjs.org/@rolldown/binding-win32-x64-msvc/-/binding-win32-x64-msvc-1.2.5.tgz 0ms (cache hit)
1621 http cache source-map-js@https://registry.npmjs.org/source-map-js/-/source-map-js-1.2.1.tgz 0ms (cache hit)
1622 http cache nanoid@https://registry.npmjs.org/nanoid/-/nanoid-3.3.18.tgz 0ms (cache hit)
1623 http cache lightningcss-win32-x64-msvc@https://registry.npmjs.org/lightningcss-win32-x64-msvc/-/lightningcss-win32-x64-msvc-1.33.0.tgz 0ms (cache hit)
1624 http cache detect-libc@https://registry.npmjs.org/detect-libc/-/detect-libc-2.1.2.tgz 0ms (cache hit)
1625 http cache rolldown@https://registry.npmjs.org/rolldown/-/rolldown-1.2.5.tgz 0ms (cache hit)
1626 http cache lightningcss@https://registry.npmjs.org/lightningcss/-/lightningcss-1.33.0.tgz 0ms (cache hit)
1627 http cache d3-path@https://registry.npmjs.org/d3-path/-/d3-path-3.1.0.tgz 0ms (cache hit)
1628 http cache postcss@https://registry.npmjs.org/postcss/-/postcss-8.5.26.tgz 0ms (cache hit)
1629 http cache d3-time-format@https://registry.npmjs.org/d3-time-format/-/d3-time-format-4.1.0.tgz 0ms (cache hit)
1630 http cache d3-color@https://registry.npmjs.org/d3-color/-/d3-color-3.1.0.tgz 0ms (cache hit)
1631 http cache internmap@https://registry.npmjs.org/internmap/-/internmap-2.0.3.tgz 0ms (cache hit)
1632 http cache @types/d3-path@https://registry.npmjs.org/@types/d3-path/-/d3-path-3.1.1.tgz 0ms (cache hit)
1633 http cache @types/d3-color@https://registry.npmjs.org/@types/d3-color/-/d3-color-3.1.3.tgz 0ms (cache hit)
1634 http cache d3-timer@https://registry.npmjs.org/d3-timer/-/d3-timer-3.0.1.tgz 0ms (cache hit)
1635 http cache d3-time@https://registry.npmjs.org/d3-time/-/d3-time-3.1.0.tgz 0ms (cache hit)
1636 http cache d3-shape@https://registry.npmjs.org/d3-shape/-/d3-shape-3.2.0.tgz 0ms (cache hit)
1637 http cache d3-interpolate@https://registry.npmjs.org/d3-interpolate/-/d3-interpolate-3.0.1.tgz 0ms (cache hit)
1638 http cache d3-format@https://registry.npmjs.org/d3-format/-/d3-format-3.1.2.tgz 0ms (cache hit)
1639 http cache @types/d3-time@https://registry.npmjs.org/@types/d3-time/-/d3-time-3.0.4.tgz 0ms (cache hit)
1640 http cache d3-scale@https://registry.npmjs.org/d3-scale/-/d3-scale-4.0.2.tgz 0ms (cache hit)
1641 http cache @types/d3-timer@https://registry.npmjs.org/@types/d3-timer/-/d3-timer-3.0.2.tgz 0ms (cache hit)
1642 http cache d3-array@https://registry.npmjs.org/d3-array/-/d3-array-3.2.4.tgz 0ms (cache hit)
1643 http cache d3-ease@https://registry.npmjs.org/d3-ease/-/d3-ease-3.0.1.tgz 0ms (cache hit)
1644 http cache @types/d3-shape@https://registry.npmjs.org/@types/d3-shape/-/d3-shape-3.2.0.tgz 0ms (cache hit)
1645 http cache @types/d3-scale@https://registry.npmjs.org/@types/d3-scale/-/d3-scale-4.0.9.tgz 0ms (cache hit)
1646 http cache @types/d3-ease@https://registry.npmjs.org/@types/d3-ease/-/d3-ease-3.0.2.tgz 0ms (cache hit)
1647 http cache @types/d3-array@https://registry.npmjs.org/@types/d3-array/-/d3-array-3.2.2.tgz 0ms (cache hit)
1648 http cache @types/d3-interpolate@https://registry.npmjs.org/@types/d3-interpolate/-/d3-interpolate-3.0.4.tgz 0ms (cache hit)
1649 http cache escalade@https://registry.npmjs.org/escalade/-/escalade-3.2.0.tgz 0ms (cache hit)
1650 http cache punycode@https://registry.npmjs.org/punycode/-/punycode-2.3.1.tgz 0ms (cache hit)
1651 http cache picomatch@https://registry.npmjs.org/picomatch/-/picomatch-4.0.5.tgz 1ms (cache hit)
1652 http cache @typescript-eslint/project-service@https://registry.npmjs.org/@typescript-eslint/project-service/-/project-service-8.67.0.tgz 0ms (cache hit)
1653 http cache ts-api-utils@https://registry.npmjs.org/ts-api-utils/-/ts-api-utils-2.5.0.tgz 0ms (cache hit)
1654 http cache tinyglobby@https://registry.npmjs.org/tinyglobby/-/tinyglobby-0.2.17.tgz 0ms (cache hit)
1655 http cache @typescript-eslint/types@https://registry.npmjs.org/@typescript-eslint/types/-/types-8.67.0.tgz 0ms (cache hit)
1656 http cache @typescript-eslint/tsconfig-utils@https://registry.npmjs.org/@typescript-eslint/tsconfig-utils/-/tsconfig-utils-8.67.0.tgz 0ms (cache hit)
1657 http cache @typescript-eslint/visitor-keys@https://registry.npmjs.org/@typescript-eslint/visitor-keys/-/visitor-keys-8.67.0.tgz 0ms (cache hit)
1658 http cache @typescript-eslint/type-utils@https://registry.npmjs.org/@typescript-eslint/type-utils/-/type-utils-8.67.0.tgz 0ms (cache hit)
1659 http cache @types/use-sync-external-store@https://registry.npmjs.org/@types/use-sync-external-store/-/use-sync-external-store-0.0.6.tgz 0ms (cache hit)
1660 http cache shebang-regex@https://registry.npmjs.org/shebang-regex/-/shebang-regex-3.0.0.tgz 0ms (cache hit)
1661 http cache @typescript-eslint/scope-manager@https://registry.npmjs.org/@typescript-eslint/scope-manager/-/scope-manager-8.67.0.tgz 0ms (cache hit)
1662 http cache redux-thunk@https://registry.npmjs.org/redux-thunk/-/redux-thunk-3.1.0.tgz 0ms (cache hit)
1663 http cache @typescript-eslint/typescript-estree@https://registry.npmjs.org/@typescript-eslint/typescript-estree/-/typescript-estree-8.67.0.tgz 0ms (cache hit)
1664 http cache redux@https://registry.npmjs.org/redux/-/redux-5.0.1.tgz 0ms (cache hit)
1665 http cache @typescript-eslint/parser@https://registry.npmjs.org/@typescript-eslint/parser/-/parser-8.67.0.tgz 0ms (cache hit)
1666 http cache use-sync-external-store@https://registry.npmjs.org/use-sync-external-store/-/use-sync-external-store-1.6.0.tgz 0ms (cache hit)
1667 http cache @standard-schema/spec@https://registry.npmjs.org/@standard-schema/spec/-/spec-1.1.0.tgz 0ms (cache hit)
1668 http cache @standard-schema/utils@https://registry.npmjs.org/@standard-schema/utils/-/utils-0.3.0.tgz 0ms (cache hit)
1669 http cache eventemitter3@https://registry.npmjs.org/eventemitter3/-/eventemitter3-5.0.4.tgz 0ms (cache hit)
1670 http cache victory-vendor@https://registry.npmjs.org/victory-vendor/-/victory-vendor-37.3.6.tgz 0ms (cache hit)
1671 http cache @typescript-eslint/utils@https://registry.npmjs.org/@typescript-eslint/utils/-/utils-8.67.0.tgz 0ms (cache hit)
1672 http cache react-redux@https://registry.npmjs.org/react-redux/-/react-redux-9.3.0.tgz 0ms (cache hit)
1673 http cache @typescript-eslint/eslint-plugin@https://registry.npmjs.org/@typescript-eslint/eslint-plugin/-/eslint-plugin-8.67.0.tgz 0ms (cache hit)
1674 http cache es-toolkit@https://registry.npmjs.org/es-toolkit/-/es-toolkit-1.51.0.tgz 0ms (cache hit)
1675 http cache decimal.js-light@https://registry.npmjs.org/decimal.js-light/-/decimal.js-light-2.5.1.tgz 0ms (cache hit)
1676 http cache tiny-invariant@https://registry.npmjs.org/tiny-invariant/-/tiny-invariant-1.3.3.tgz 0ms (cache hit)
1677 http cache immer@https://registry.npmjs.org/immer/-/immer-11.1.18.tgz 0ms (cache hit)
1678 http cache reselect@https://registry.npmjs.org/reselect/-/reselect-5.2.0.tgz 0ms (cache hit)
1679 http cache @reduxjs/toolkit@https://registry.npmjs.org/@reduxjs/toolkit/-/toolkit-2.12.0.tgz 0ms (cache hit)
1680 http cache set-cookie-parser@https://registry.npmjs.org/set-cookie-parser/-/set-cookie-parser-2.7.2.tgz 0ms (cache hit)
1681 http cache clsx@https://registry.npmjs.org/clsx/-/clsx-2.1.1.tgz 0ms (cache hit)
1682 http cache cookie@https://registry.npmjs.org/cookie/-/cookie-1.1.1.tgz 0ms (cache hit)
1683 http cache scheduler@https://registry.npmjs.org/scheduler/-/scheduler-0.27.0.tgz 0ms (cache hit)
1684 http cache yocto-queue@https://registry.npmjs.org/yocto-queue/-/yocto-queue-0.1.0.tgz 0ms (cache hit)
1685 http cache react-router@https://registry.npmjs.org/react-router/-/react-router-7.18.2.tgz 0ms (cache hit)
1686 http cache word-wrap@https://registry.npmjs.org/word-wrap/-/word-wrap-1.2.5.tgz 0ms (cache hit)
1687 http cache p-limit@https://registry.npmjs.org/p-limit/-/p-limit-3.1.0.tgz 0ms (cache hit)
1688 http cache deep-is@https://registry.npmjs.org/deep-is/-/deep-is-0.1.4.tgz 0ms (cache hit)
1689 http cache fast-levenshtein@https://registry.npmjs.org/fast-levenshtein/-/fast-levenshtein-2.0.6.tgz 0ms (cache hit)
1690 http cache balanced-match@https://registry.npmjs.org/balanced-match/-/balanced-match-4.0.4.tgz 0ms (cache hit)
1691 http cache mime-db@https://registry.npmjs.org/mime-db/-/mime-db-1.52.0.tgz 0ms (cache hit)
1692 http cache yallist@https://registry.npmjs.org/yallist/-/yallist-3.1.1.tgz 0ms (cache hit)
1693 http cache p-locate@https://registry.npmjs.org/p-locate/-/p-locate-5.0.0.tgz 0ms (cache hit)
1694 http cache brace-expansion@https://registry.npmjs.org/brace-expansion/-/brace-expansion-5.0.9.tgz 0ms (cache hit)
1695 http cache type-check@https://registry.npmjs.org/type-check/-/type-check-0.4.0.tgz 0ms (cache hit)
1696 http cache json-buffer@https://registry.npmjs.org/json-buffer/-/json-buffer-3.0.1.tgz 0ms (cache hit)
1697 http cache fdir@https://registry.npmjs.org/fdir/-/fdir-6.5.0.tgz 0ms (cache hit)
1698 http cache agent-base@https://registry.npmjs.org/agent-base/-/agent-base-6.0.2.tgz 0ms (cache hit)
1699 http cache is-extglob@https://registry.npmjs.org/is-extglob/-/is-extglob-2.1.1.tgz 0ms (cache hit)
1700 http cache hermes-estree@https://registry.npmjs.org/hermes-estree/-/hermes-estree-0.25.1.tgz 0ms (cache hit)
1701 http cache math-intrinsics@https://registry.npmjs.org/math-intrinsics/-/math-intrinsics-1.1.0.tgz 0ms (cache hit)
1702 http cache dunder-proto@https://registry.npmjs.org/dunder-proto/-/dunder-proto-1.0.1.tgz 0ms (cache hit)
1703 http cache has-symbols@https://registry.npmjs.org/has-symbols/-/has-symbols-1.1.0.tgz 0ms (cache hit)
1704 http cache get-proto@https://registry.npmjs.org/get-proto/-/get-proto-1.0.1.tgz 0ms (cache hit)
1705 http cache gopd@https://registry.npmjs.org/gopd/-/gopd-1.2.0.tgz 0ms (cache hit)
1706 http cache es-object-atoms@https://registry.npmjs.org/es-object-atoms/-/es-object-atoms-1.1.2.tgz 0ms (cache hit)
1707 http cache has-tostringtag@https://registry.npmjs.org/has-tostringtag/-/has-tostringtag-1.0.2.tgz 0ms (cache hit)
1708 http cache es-define-property@https://registry.npmjs.org/es-define-property/-/es-define-property-1.0.1.tgz 0ms (cache hit)
1709 http cache function-bind@https://registry.npmjs.org/function-bind/-/function-bind-1.1.2.tgz 0ms (cache hit)
1710 http cache call-bind-apply-helpers@https://registry.npmjs.org/call-bind-apply-helpers/-/call-bind-apply-helpers-1.0.2.tgz 0ms (cache hit)
1711 http cache get-intrinsic@https://registry.npmjs.org/get-intrinsic/-/get-intrinsic-1.3.0.tgz 0ms (cache hit)
1712 http cache es-errors@https://registry.npmjs.org/es-errors/-/es-errors-1.3.0.tgz 0ms (cache hit)
1713 http cache delayed-stream@https://registry.npmjs.org/delayed-stream/-/delayed-stream-1.0.0.tgz 0ms (cache hit)
1714 http cache hasown@https://registry.npmjs.org/hasown/-/hasown-2.0.4.tgz 0ms (cache hit)
1715 http cache prelude-ls@https://registry.npmjs.org/prelude-ls/-/prelude-ls-1.2.1.tgz 0ms (cache hit)
1716 http cache mime-types@https://registry.npmjs.org/mime-types/-/mime-types-2.1.35.tgz 0ms (cache hit)
1717 http cache es-set-tostringtag@https://registry.npmjs.org/es-set-tostringtag/-/es-set-tostringtag-2.1.0.tgz 0ms (cache hit)
1718 http cache combined-stream@https://registry.npmjs.org/combined-stream/-/combined-stream-1.0.8.tgz 0ms (cache hit)
1719 http cache asynckit@https://registry.npmjs.org/asynckit/-/asynckit-0.4.0.tgz 0ms (cache hit)
1720 http cache flatted@https://registry.npmjs.org/flatted/-/flatted-3.4.4.tgz 0ms (cache hit)
1721 http cache path-exists@https://registry.npmjs.org/path-exists/-/path-exists-4.0.0.tgz 0ms (cache hit)
1722 http cache keyv@https://registry.npmjs.org/keyv/-/keyv-4.5.4.tgz 0ms (cache hit)
1723 http cache locate-path@https://registry.npmjs.org/locate-path/-/locate-path-6.0.0.tgz 0ms (cache hit)
1724 http cache flat-cache@https://registry.npmjs.org/flat-cache/-/flat-cache-4.0.1.tgz 0ms (cache hit)
1725 http cache acorn-jsx@https://registry.npmjs.org/acorn-jsx/-/acorn-jsx-5.3.2.tgz 0ms (cache hit)
1726 http cache acorn@https://registry.npmjs.org/acorn/-/acorn-8.18.0.tgz 0ms (cache hit)
1727 http cache estraverse@https://registry.npmjs.org/estraverse/-/estraverse-5.3.0.tgz 0ms (cache hit)
1728 http cache esrecurse@https://registry.npmjs.org/esrecurse/-/esrecurse-4.3.0.tgz 0ms (cache hit)
1729 http cache @types/esrecurse@https://registry.npmjs.org/@types/esrecurse/-/esrecurse-4.3.1.tgz 0ms (cache hit)
1730 http cache node-releases@https://registry.npmjs.org/node-releases/-/node-releases-2.0.53.tgz 0ms (cache hit)
1731 http cache electron-to-chromium@https://registry.npmjs.org/electron-to-chromium/-/electron-to-chromium-1.5.412.tgz 0ms (cache hit)
1732 http cache update-browserslist-db@https://registry.npmjs.org/update-browserslist-db/-/update-browserslist-db-1.3.1.tgz 0ms (cache hit)
1733 http cache caniuse-lite@https://registry.npmjs.org/caniuse-lite/-/caniuse-lite-1.0.30001809.tgz 0ms (cache hit)
1734 http cache baseline-browser-mapping@https://registry.npmjs.org/baseline-browser-mapping/-/baseline-browser-mapping-2.11.18.tgz 0ms (cache hit)
1735 http cache @babel/helper-string-parser@https://registry.npmjs.org/@babel/helper-string-parser/-/helper-string-parser-7.29.7.tgz 0ms (cache hit)
1736 http cache @jridgewell/resolve-uri@https://registry.npmjs.org/@jridgewell/resolve-uri/-/resolve-uri-3.1.2.tgz 0ms (cache hit)
1737 http cache @jridgewell/sourcemap-codec@https://registry.npmjs.org/@jridgewell/sourcemap-codec/-/sourcemap-codec-1.5.5.tgz 0ms (cache hit)
1738 http cache @babel/helper-globals@https://registry.npmjs.org/@babel/helper-globals/-/helper-globals-7.29.7.tgz 0ms (cache hit)
1739 http cache @babel/helper-module-imports@https://registry.npmjs.org/@babel/helper-module-imports/-/helper-module-imports-7.29.7.tgz 0ms (cache hit)
1740 http cache @babel/helper-validator-option@https://registry.npmjs.org/@babel/helper-validator-option/-/helper-validator-option-7.29.7.tgz 0ms (cache hit)
1741 http cache lru-cache@https://registry.npmjs.org/lru-cache/-/lru-cache-5.1.1.tgz 0ms (cache hit)
1742 http cache browserslist@https://registry.npmjs.org/browserslist/-/browserslist-4.28.8.tgz 0ms (cache hit)
1743 http cache @babel/compat-data@https://registry.npmjs.org/@babel/compat-data/-/compat-data-7.29.7.tgz 0ms (cache hit)
1744 http cache jsesc@https://registry.npmjs.org/jsesc/-/jsesc-3.1.0.tgz 0ms (cache hit)
1745 http cache @jridgewell/trace-mapping@https://registry.npmjs.org/@jridgewell/trace-mapping/-/trace-mapping-0.3.31.tgz 0ms (cache hit)
1746 http cache @jridgewell/gen-mapping@https://registry.npmjs.org/@jridgewell/gen-mapping/-/gen-mapping-0.3.13.tgz 0ms (cache hit)
1747 http cache @babel/helper-validator-identifier@https://registry.npmjs.org/@babel/helper-validator-identifier/-/helper-validator-identifier-7.29.7.tgz 0ms (cache hit)
1748 http cache picocolors@https://registry.npmjs.org/picocolors/-/picocolors-1.1.1.tgz 0ms (cache hit)
1749 http cache js-tokens@https://registry.npmjs.org/js-tokens/-/js-tokens-4.0.0.tgz 0ms (cache hit)
1750 http cache semver@https://registry.npmjs.org/semver/-/semver-6.3.1.tgz 0ms (cache hit)
1751 http cache @jridgewell/remapping@https://registry.npmjs.org/@jridgewell/remapping/-/remapping-2.3.5.tgz 0ms (cache hit)
1752 http cache json5@https://registry.npmjs.org/json5/-/json5-2.2.3.tgz 0ms (cache hit)
1753 http cache @babel/types@https://registry.npmjs.org/@babel/types/-/types-7.29.8.tgz 0ms (cache hit)
1754 http cache convert-source-map@https://registry.npmjs.org/convert-source-map/-/convert-source-map-2.0.0.tgz 0ms (cache hit)
1755 http cache gensync@https://registry.npmjs.org/gensync/-/gensync-1.0.0-beta.2.tgz 0ms (cache hit)
1756 http cache @babel/template@https://registry.npmjs.org/@babel/template/-/template-7.29.7.tgz 0ms (cache hit)
1757 http cache @babel/traverse@https://registry.npmjs.org/@babel/traverse/-/traverse-7.29.8.tgz 0ms (cache hit)
1758 http cache @babel/helpers@https://registry.npmjs.org/@babel/helpers/-/helpers-7.29.7.tgz 0ms (cache hit)
1759 http cache @babel/helper-module-transforms@https://registry.npmjs.org/@babel/helper-module-transforms/-/helper-module-transforms-7.29.7.tgz 0ms (cache hit)
1760 http cache zod-validation-error@https://registry.npmjs.org/zod-validation-error/-/zod-validation-error-4.0.2.tgz 0ms (cache hit)
1761 http cache @babel/helper-compilation-targets@https://registry.npmjs.org/@babel/helper-compilation-targets/-/helper-compilation-targets-7.29.7.tgz 0ms (cache hit)
1762 http cache @babel/generator@https://registry.npmjs.org/@babel/generator/-/generator-7.29.8.tgz 0ms (cache hit)
1763 http cache @babel/code-frame@https://registry.npmjs.org/@babel/code-frame/-/code-frame-7.29.7.tgz 0ms (cache hit)
1764 http cache zod@https://registry.npmjs.org/zod/-/zod-4.4.3.tgz 0ms (cache hit)
1765 http cache hermes-parser@https://registry.npmjs.org/hermes-parser/-/hermes-parser-0.25.1.tgz 0ms (cache hit)
1766 http cache @babel/parser@https://registry.npmjs.org/@babel/parser/-/parser-7.29.8.tgz 0ms (cache hit)
1767 http cache ms@https://registry.npmjs.org/ms/-/ms-2.1.3.tgz 0ms (cache hit)
1768 http cache @babel/core@https://registry.npmjs.org/@babel/core/-/core-7.29.7.tgz 0ms (cache hit)
1769 http cache which@https://registry.npmjs.org/which/-/which-2.0.2.tgz 0ms (cache hit)
1770 http cache path-key@https://registry.npmjs.org/path-key/-/path-key-3.1.1.tgz 0ms (cache hit)
1771 http cache shebang-command@https://registry.npmjs.org/shebang-command/-/shebang-command-2.0.0.tgz 0ms (cache hit)
1772 http cache uri-js@https://registry.npmjs.org/uri-js/-/uri-js-4.4.1.tgz 0ms (cache hit)
1773 http cache @humanfs/types@https://registry.npmjs.org/@humanfs/types/-/types-0.15.0.tgz 0ms (cache hit)
1774 http cache @types/json-schema@https://registry.npmjs.org/@types/json-schema/-/json-schema-7.0.15.tgz 0ms (cache hit)
1775 http cache json-schema-traverse@https://registry.npmjs.org/json-schema-traverse/-/json-schema-traverse-0.4.1.tgz 0ms (cache hit)
1776 http cache @humanfs/core@https://registry.npmjs.org/@humanfs/core/-/core-0.19.2.tgz 0ms (cache hit)
1777 http cache @eslint/object-schema@https://registry.npmjs.org/@eslint/object-schema/-/object-schema-3.0.5.tgz 0ms (cache hit)
1778 http cache fast-json-stable-stringify@https://registry.npmjs.org/fast-json-stable-stringify/-/fast-json-stable-stringify-2.1.0.tgz 0ms (cache hit)
1779 http cache optionator@https://registry.npmjs.org/optionator/-/optionator-0.9.4.tgz 0ms (cache hit)
1780 http cache natural-compare@https://registry.npmjs.org/natural-compare/-/natural-compare-1.4.0.tgz 0ms (cache hit)
1781 http cache levn@https://registry.npmjs.org/levn/-/levn-0.4.1.tgz 0ms (cache hit)
1782 http cache is-glob@https://registry.npmjs.org/is-glob/-/is-glob-4.0.3.tgz 0ms (cache hit)
1783 http cache minimatch@https://registry.npmjs.org/minimatch/-/minimatch-10.2.6.tgz 0ms (cache hit)
1784 http cache json-stable-stringify-without-jsonify@https://registry.npmjs.org/json-stable-stringify-without-jsonify/-/json-stable-stringify-without-jsonify-1.0.1.tgz 0ms (cache hit)
1785 http cache imurmurhash@https://registry.npmjs.org/imurmurhash/-/imurmurhash-0.1.4.tgz 0ms (cache hit)
1786 http cache ignore@https://registry.npmjs.org/ignore/-/ignore-5.3.2.tgz 0ms (cache hit)
1787 http cache glob-parent@https://registry.npmjs.org/glob-parent/-/glob-parent-6.0.2.tgz 0ms (cache hit)
1788 http cache find-up@https://registry.npmjs.org/find-up/-/find-up-5.0.0.tgz 0ms (cache hit)
1789 http cache file-entry-cache@https://registry.npmjs.org/file-entry-cache/-/file-entry-cache-8.0.0.tgz 0ms (cache hit)
1790 http cache fast-deep-equal@https://registry.npmjs.org/fast-deep-equal/-/fast-deep-equal-3.1.3.tgz 0ms (cache hit)
1791 http cache esquery@https://registry.npmjs.org/esquery/-/esquery-1.7.0.tgz 0ms (cache hit)
1792 http cache espree@https://registry.npmjs.org/espree/-/espree-11.2.0.tgz 0ms (cache hit)
1793 http cache esutils@https://registry.npmjs.org/esutils/-/esutils-2.0.3.tgz 0ms (cache hit)
1794 http cache eslint-visitor-keys@https://registry.npmjs.org/eslint-visitor-keys/-/eslint-visitor-keys-5.0.1.tgz 0ms (cache hit)
1795 http cache eslint-scope@https://registry.npmjs.org/eslint-scope/-/eslint-scope-9.1.2.tgz 0ms (cache hit)
1796 http cache escape-string-regexp@https://registry.npmjs.org/escape-string-regexp/-/escape-string-regexp-4.0.0.tgz 0ms (cache hit)
1797 http cache debug@https://registry.npmjs.org/debug/-/debug-4.4.3.tgz 0ms (cache hit)
1798 http cache @humanwhocodes/retry@https://registry.npmjs.org/@humanwhocodes/retry/-/retry-0.4.3.tgz 0ms (cache hit)
1799 http cache @types/estree@https://registry.npmjs.org/@types/estree/-/estree-1.0.9.tgz 0ms (cache hit)
1800 http cache @humanfs/node@https://registry.npmjs.org/@humanfs/node/-/node-0.16.8.tgz 0ms (cache hit)
1801 http cache @humanwhocodes/module-importer@https://registry.npmjs.org/@humanwhocodes/module-importer/-/module-importer-1.0.1.tgz 0ms (cache hit)
1802 http cache cross-spawn@https://registry.npmjs.org/cross-spawn/-/cross-spawn-7.0.6.tgz 0ms (cache hit)
1803 http cache ajv@https://registry.npmjs.org/ajv/-/ajv-6.15.0.tgz 0ms (cache hit)
1804 http cache @eslint/plugin-kit@https://registry.npmjs.org/@eslint/plugin-kit/-/plugin-kit-0.7.2.tgz 0ms (cache hit)
1805 http cache @eslint/core@https://registry.npmjs.org/@eslint/core/-/core-1.2.1.tgz 0ms (cache hit)
1806 http cache @eslint-community/regexpp@https://registry.npmjs.org/@eslint-community/regexpp/-/regexpp-4.12.2.tgz 0ms (cache hit)
1807 http cache @eslint/config-helpers@https://registry.npmjs.org/@eslint/config-helpers/-/config-helpers-0.7.0.tgz 0ms (cache hit)
1808 http cache @eslint-community/eslint-utils@https://registry.npmjs.org/@eslint-community/eslint-utils/-/eslint-utils-4.10.1.tgz 0ms (cache hit)
1809 http cache proxy-from-env@https://registry.npmjs.org/proxy-from-env/-/proxy-from-env-2.1.0.tgz 0ms (cache hit)
1810 http cache @eslint/config-array@https://registry.npmjs.org/@eslint/config-array/-/config-array-0.23.5.tgz 0ms (cache hit)
1811 http cache @rolldown/pluginutils@https://registry.npmjs.org/@rolldown/pluginutils/-/pluginutils-1.0.1.tgz 0ms (cache hit)
1812 http cache form-data@https://registry.npmjs.org/form-data/-/form-data-4.0.6.tgz 0ms (cache hit)
1813 http cache https-proxy-agent@https://registry.npmjs.org/https-proxy-agent/-/https-proxy-agent-5.0.1.tgz 0ms (cache hit)
1814 http cache follow-redirects@https://registry.npmjs.org/follow-redirects/-/follow-redirects-1.16.0.tgz 0ms (cache hit)
1815 http cache csstype@https://registry.npmjs.org/csstype/-/csstype-3.2.3.tgz 0ms (cache hit)
1816 http cache typescript@https://registry.npmjs.org/typescript/-/typescript-6.0.3.tgz 0ms (cache hit)
1817 http cache react-is@https://registry.npmjs.org/react-is/-/react-is-19.2.8.tgz 0ms (cache hit)
1818 http cache typescript-eslint@https://registry.npmjs.org/typescript-eslint/-/typescript-eslint-8.67.0.tgz 0ms (cache hit)
1819 http cache react-dom@https://registry.npmjs.org/react-dom/-/react-dom-19.2.8.tgz 0ms (cache hit)
1820 http cache react-router-dom@https://registry.npmjs.org/react-router-dom/-/react-router-dom-7.18.2.tgz 0ms (cache hit)
1821 http cache recharts@https://registry.npmjs.org/recharts/-/recharts-3.10.1.tgz 0ms (cache hit)
1822 http cache lucide-react@https://registry.npmjs.org/lucide-react/-/lucide-react-1.33.0.tgz 0ms (cache hit)
1823 http cache react@https://registry.npmjs.org/react/-/react-19.2.8.tgz 0ms (cache hit)
1824 http cache globals@https://registry.npmjs.org/globals/-/globals-17.11.0.tgz 0ms (cache hit)
1825 http cache eslint-plugin-react-refresh@https://registry.npmjs.org/eslint-plugin-react-refresh/-/eslint-plugin-react-refresh-0.5.4.tgz 0ms (cache hit)
1826 http cache eslint-plugin-react-hooks@https://registry.npmjs.org/eslint-plugin-react-hooks/-/eslint-plugin-react-hooks-7.1.1.tgz 0ms (cache hit)
1827 http cache axios@https://registry.npmjs.org/axios/-/axios-1.19.0.tgz 0ms (cache hit)
1828 http cache @vitejs/plugin-react@https://registry.npmjs.org/@vitejs/plugin-react/-/plugin-react-6.1.0.tgz 0ms (cache hit)
1829 http cache @types/react@https://registry.npmjs.org/@types/react/-/react-19.2.18.tgz 0ms (cache hit)
1830 http cache @eslint/js@https://registry.npmjs.org/@eslint/js/-/js-10.0.1.tgz 0ms (cache hit)
1831 http cache @types/react-dom@https://registry.npmjs.org/@types/react-dom/-/react-dom-19.2.4.tgz 0ms (cache hit)
1832 http cache semver@https://registry.npmjs.org/semver/-/semver-7.8.5.tgz 0ms (cache hit)
1833 http cache ignore@https://registry.npmjs.org/ignore/-/ignore-7.0.6.tgz 0ms (cache hit)
1834 silly tarball no local data for isexe@https://registry.npmjs.org/isexe/-/isexe-2.0.0.tgz. Extracting by manifest.
1835 silly tarball no local data for @oxc-project/types@https://registry.npmjs.org/@oxc-project/types/-/types-0.146.0.tgz. Extracting by manifest.
1836 silly tarball no local data for @rolldown/binding-win32-x64-msvc@https://registry.npmjs.org/@rolldown/binding-win32-x64-msvc/-/binding-win32-x64-msvc-1.2.5.tgz. Extracting by manifest.
1837 silly tarball no local data for source-map-js@https://registry.npmjs.org/source-map-js/-/source-map-js-1.2.1.tgz. Extracting by manifest.
1838 silly tarball no local data for nanoid@https://registry.npmjs.org/nanoid/-/nanoid-3.3.18.tgz. Extracting by manifest.
1839 silly tarball no local data for lightningcss-win32-x64-msvc@https://registry.npmjs.org/lightningcss-win32-x64-msvc/-/lightningcss-win32-x64-msvc-1.33.0.tgz. Extracting by manifest.
1840 silly tarball no local data for detect-libc@https://registry.npmjs.org/detect-libc/-/detect-libc-2.1.2.tgz. Extracting by manifest.
1841 http cache eslint-visitor-keys@https://registry.npmjs.org/eslint-visitor-keys/-/eslint-visitor-keys-3.4.3.tgz 0ms (cache hit)
1842 silly tarball no local data for rolldown@https://registry.npmjs.org/rolldown/-/rolldown-1.2.5.tgz. Extracting by manifest.
1843 silly tarball no local data for lightningcss@https://registry.npmjs.org/lightningcss/-/lightningcss-1.33.0.tgz. Extracting by manifest.
1844 silly tarball no local data for d3-path@https://registry.npmjs.org/d3-path/-/d3-path-3.1.0.tgz. Extracting by manifest.
1845 silly tarball no local data for postcss@https://registry.npmjs.org/postcss/-/postcss-8.5.26.tgz. Extracting by manifest.
1846 silly tarball no local data for d3-time-format@https://registry.npmjs.org/d3-time-format/-/d3-time-format-4.1.0.tgz. Extracting by manifest.
1847 silly tarball no local data for d3-color@https://registry.npmjs.org/d3-color/-/d3-color-3.1.0.tgz. Extracting by manifest.
1848 silly tarball no local data for internmap@https://registry.npmjs.org/internmap/-/internmap-2.0.3.tgz. Extracting by manifest.
1849 silly tarball no local data for @types/d3-path@https://registry.npmjs.org/@types/d3-path/-/d3-path-3.1.1.tgz. Extracting by manifest.
1850 silly tarball no local data for @types/d3-color@https://registry.npmjs.org/@types/d3-color/-/d3-color-3.1.3.tgz. Extracting by manifest.
1851 silly tarball no local data for d3-timer@https://registry.npmjs.org/d3-timer/-/d3-timer-3.0.1.tgz. Extracting by manifest.
1852 silly tarball no local data for d3-time@https://registry.npmjs.org/d3-time/-/d3-time-3.1.0.tgz. Extracting by manifest.
1853 silly tarball no local data for d3-shape@https://registry.npmjs.org/d3-shape/-/d3-shape-3.2.0.tgz. Extracting by manifest.
1854 silly tarball no local data for d3-interpolate@https://registry.npmjs.org/d3-interpolate/-/d3-interpolate-3.0.1.tgz. Extracting by manifest.
1855 silly tarball no local data for d3-format@https://registry.npmjs.org/d3-format/-/d3-format-3.1.2.tgz. Extracting by manifest.
1856 silly tarball no local data for @types/d3-time@https://registry.npmjs.org/@types/d3-time/-/d3-time-3.0.4.tgz. Extracting by manifest.
1857 silly tarball no local data for d3-scale@https://registry.npmjs.org/d3-scale/-/d3-scale-4.0.2.tgz. Extracting by manifest.
1858 silly tarball no local data for @types/d3-timer@https://registry.npmjs.org/@types/d3-timer/-/d3-timer-3.0.2.tgz. Extracting by manifest.
1859 silly tarball no local data for d3-array@https://registry.npmjs.org/d3-array/-/d3-array-3.2.4.tgz. Extracting by manifest.
1860 silly tarball no local data for d3-ease@https://registry.npmjs.org/d3-ease/-/d3-ease-3.0.1.tgz. Extracting by manifest.
1861 silly tarball no local data for @types/d3-shape@https://registry.npmjs.org/@types/d3-shape/-/d3-shape-3.2.0.tgz. Extracting by manifest.
1862 silly tarball no local data for @types/d3-scale@https://registry.npmjs.org/@types/d3-scale/-/d3-scale-4.0.9.tgz. Extracting by manifest.
1863 silly tarball no local data for @types/d3-ease@https://registry.npmjs.org/@types/d3-ease/-/d3-ease-3.0.2.tgz. Extracting by manifest.
1864 silly tarball no local data for @types/d3-array@https://registry.npmjs.org/@types/d3-array/-/d3-array-3.2.2.tgz. Extracting by manifest.
1865 silly tarball no local data for @types/d3-interpolate@https://registry.npmjs.org/@types/d3-interpolate/-/d3-interpolate-3.0.4.tgz. Extracting by manifest.
1866 silly tarball no local data for escalade@https://registry.npmjs.org/escalade/-/escalade-3.2.0.tgz. Extracting by manifest.
1867 silly tarball no local data for punycode@https://registry.npmjs.org/punycode/-/punycode-2.3.1.tgz. Extracting by manifest.
1868 silly tarball no local data for picomatch@https://registry.npmjs.org/picomatch/-/picomatch-4.0.5.tgz. Extracting by manifest.
1869 silly tarball no local data for @typescript-eslint/project-service@https://registry.npmjs.org/@typescript-eslint/project-service/-/project-service-8.67.0.tgz. Extracting by manifest.
1870 silly tarball no local data for ts-api-utils@https://registry.npmjs.org/ts-api-utils/-/ts-api-utils-2.5.0.tgz. Extracting by manifest.
1871 silly tarball no local data for tinyglobby@https://registry.npmjs.org/tinyglobby/-/tinyglobby-0.2.17.tgz. Extracting by manifest.
1872 silly tarball no local data for @typescript-eslint/types@https://registry.npmjs.org/@typescript-eslint/types/-/types-8.67.0.tgz. Extracting by manifest.
1873 silly tarball no local data for @typescript-eslint/tsconfig-utils@https://registry.npmjs.org/@typescript-eslint/tsconfig-utils/-/tsconfig-utils-8.67.0.tgz. Extracting by manifest.
1874 silly tarball no local data for @typescript-eslint/visitor-keys@https://registry.npmjs.org/@typescript-eslint/visitor-keys/-/visitor-keys-8.67.0.tgz. Extracting by manifest.
1875 silly tarball no local data for @typescript-eslint/type-utils@https://registry.npmjs.org/@typescript-eslint/type-utils/-/type-utils-8.67.0.tgz. Extracting by manifest.
1876 silly tarball no local data for @types/use-sync-external-store@https://registry.npmjs.org/@types/use-sync-external-store/-/use-sync-external-store-0.0.6.tgz. Extracting by manifest.
1877 silly tarball no local data for shebang-regex@https://registry.npmjs.org/shebang-regex/-/shebang-regex-3.0.0.tgz. Extracting by manifest.
1878 silly tarball no local data for @typescript-eslint/scope-manager@https://registry.npmjs.org/@typescript-eslint/scope-manager/-/scope-manager-8.67.0.tgz. Extracting by manifest.
1879 silly tarball no local data for redux-thunk@https://registry.npmjs.org/redux-thunk/-/redux-thunk-3.1.0.tgz. Extracting by manifest.
1880 silly tarball no local data for @typescript-eslint/typescript-estree@https://registry.npmjs.org/@typescript-eslint/typescript-estree/-/typescript-estree-8.67.0.tgz. Extracting by manifest.
1881 silly tarball no local data for redux@https://registry.npmjs.org/redux/-/redux-5.0.1.tgz. Extracting by manifest.
1882 silly tarball no local data for @typescript-eslint/parser@https://registry.npmjs.org/@typescript-eslint/parser/-/parser-8.67.0.tgz. Extracting by manifest.
1883 silly tarball no local data for use-sync-external-store@https://registry.npmjs.org/use-sync-external-store/-/use-sync-external-store-1.6.0.tgz. Extracting by manifest.
1884 silly tarball no local data for @standard-schema/spec@https://registry.npmjs.org/@standard-schema/spec/-/spec-1.1.0.tgz. Extracting by manifest.
1885 silly tarball no local data for @standard-schema/utils@https://registry.npmjs.org/@standard-schema/utils/-/utils-0.3.0.tgz. Extracting by manifest.
1886 silly tarball no local data for eventemitter3@https://registry.npmjs.org/eventemitter3/-/eventemitter3-5.0.4.tgz. Extracting by manifest.
1887 silly tarball no local data for victory-vendor@https://registry.npmjs.org/victory-vendor/-/victory-vendor-37.3.6.tgz. Extracting by manifest.
1888 silly tarball no local data for @typescript-eslint/utils@https://registry.npmjs.org/@typescript-eslint/utils/-/utils-8.67.0.tgz. Extracting by manifest.
1889 silly tarball no local data for react-redux@https://registry.npmjs.org/react-redux/-/react-redux-9.3.0.tgz. Extracting by manifest.
1890 silly tarball no local data for @typescript-eslint/eslint-plugin@https://registry.npmjs.org/@typescript-eslint/eslint-plugin/-/eslint-plugin-8.67.0.tgz. Extracting by manifest.
1891 silly tarball no local data for es-toolkit@https://registry.npmjs.org/es-toolkit/-/es-toolkit-1.51.0.tgz. Extracting by manifest.
1892 silly tarball no local data for decimal.js-light@https://registry.npmjs.org/decimal.js-light/-/decimal.js-light-2.5.1.tgz. Extracting by manifest.
1893 silly tarball no local data for tiny-invariant@https://registry.npmjs.org/tiny-invariant/-/tiny-invariant-1.3.3.tgz. Extracting by manifest.
1894 silly tarball no local data for immer@https://registry.npmjs.org/immer/-/immer-11.1.18.tgz. Extracting by manifest.
1895 silly tarball no local data for reselect@https://registry.npmjs.org/reselect/-/reselect-5.2.0.tgz. Extracting by manifest.
1896 silly tarball no local data for @reduxjs/toolkit@https://registry.npmjs.org/@reduxjs/toolkit/-/toolkit-2.12.0.tgz. Extracting by manifest.
1897 silly tarball no local data for set-cookie-parser@https://registry.npmjs.org/set-cookie-parser/-/set-cookie-parser-2.7.2.tgz. Extracting by manifest.
1898 silly tarball no local data for clsx@https://registry.npmjs.org/clsx/-/clsx-2.1.1.tgz. Extracting by manifest.
1899 silly tarball no local data for cookie@https://registry.npmjs.org/cookie/-/cookie-1.1.1.tgz. Extracting by manifest.
1900 silly tarball no local data for scheduler@https://registry.npmjs.org/scheduler/-/scheduler-0.27.0.tgz. Extracting by manifest.
1901 silly tarball no local data for yocto-queue@https://registry.npmjs.org/yocto-queue/-/yocto-queue-0.1.0.tgz. Extracting by manifest.
1902 silly tarball no local data for react-router@https://registry.npmjs.org/react-router/-/react-router-7.18.2.tgz. Extracting by manifest.
1903 silly tarball no local data for word-wrap@https://registry.npmjs.org/word-wrap/-/word-wrap-1.2.5.tgz. Extracting by manifest.
1904 silly tarball no local data for p-limit@https://registry.npmjs.org/p-limit/-/p-limit-3.1.0.tgz. Extracting by manifest.
1905 silly tarball no local data for deep-is@https://registry.npmjs.org/deep-is/-/deep-is-0.1.4.tgz. Extracting by manifest.
1906 silly tarball no local data for fast-levenshtein@https://registry.npmjs.org/fast-levenshtein/-/fast-levenshtein-2.0.6.tgz. Extracting by manifest.
1907 silly tarball no local data for balanced-match@https://registry.npmjs.org/balanced-match/-/balanced-match-4.0.4.tgz. Extracting by manifest.
1908 silly tarball no local data for mime-db@https://registry.npmjs.org/mime-db/-/mime-db-1.52.0.tgz. Extracting by manifest.
1909 silly tarball no local data for yallist@https://registry.npmjs.org/yallist/-/yallist-3.1.1.tgz. Extracting by manifest.
1910 silly tarball no local data for p-locate@https://registry.npmjs.org/p-locate/-/p-locate-5.0.0.tgz. Extracting by manifest.
1911 silly tarball no local data for brace-expansion@https://registry.npmjs.org/brace-expansion/-/brace-expansion-5.0.9.tgz. Extracting by manifest.
1912 silly tarball no local data for type-check@https://registry.npmjs.org/type-check/-/type-check-0.4.0.tgz. Extracting by manifest.
1913 silly tarball no local data for json-buffer@https://registry.npmjs.org/json-buffer/-/json-buffer-3.0.1.tgz. Extracting by manifest.
1914 silly tarball no local data for fdir@https://registry.npmjs.org/fdir/-/fdir-6.5.0.tgz. Extracting by manifest.
1915 silly tarball no local data for agent-base@https://registry.npmjs.org/agent-base/-/agent-base-6.0.2.tgz. Extracting by manifest.
1916 silly tarball no local data for is-extglob@https://registry.npmjs.org/is-extglob/-/is-extglob-2.1.1.tgz. Extracting by manifest.
1917 silly tarball no local data for hermes-estree@https://registry.npmjs.org/hermes-estree/-/hermes-estree-0.25.1.tgz. Extracting by manifest.
1918 silly tarball no local data for math-intrinsics@https://registry.npmjs.org/math-intrinsics/-/math-intrinsics-1.1.0.tgz. Extracting by manifest.
1919 silly tarball no local data for dunder-proto@https://registry.npmjs.org/dunder-proto/-/dunder-proto-1.0.1.tgz. Extracting by manifest.
1920 silly tarball no local data for has-symbols@https://registry.npmjs.org/has-symbols/-/has-symbols-1.1.0.tgz. Extracting by manifest.
1921 silly tarball no local data for get-proto@https://registry.npmjs.org/get-proto/-/get-proto-1.0.1.tgz. Extracting by manifest.
1922 silly tarball no local data for gopd@https://registry.npmjs.org/gopd/-/gopd-1.2.0.tgz. Extracting by manifest.
1923 silly tarball no local data for es-object-atoms@https://registry.npmjs.org/es-object-atoms/-/es-object-atoms-1.1.2.tgz. Extracting by manifest.
1924 silly tarball no local data for has-tostringtag@https://registry.npmjs.org/has-tostringtag/-/has-tostringtag-1.0.2.tgz. Extracting by manifest.
1925 silly tarball no local data for es-define-property@https://registry.npmjs.org/es-define-property/-/es-define-property-1.0.1.tgz. Extracting by manifest.
1926 silly tarball no local data for function-bind@https://registry.npmjs.org/function-bind/-/function-bind-1.1.2.tgz. Extracting by manifest.
1927 silly tarball no local data for call-bind-apply-helpers@https://registry.npmjs.org/call-bind-apply-helpers/-/call-bind-apply-helpers-1.0.2.tgz. Extracting by manifest.
1928 silly tarball no local data for get-intrinsic@https://registry.npmjs.org/get-intrinsic/-/get-intrinsic-1.3.0.tgz. Extracting by manifest.
1929 silly tarball no local data for es-errors@https://registry.npmjs.org/es-errors/-/es-errors-1.3.0.tgz. Extracting by manifest.
1930 silly tarball no local data for delayed-stream@https://registry.npmjs.org/delayed-stream/-/delayed-stream-1.0.0.tgz. Extracting by manifest.
1931 silly tarball no local data for hasown@https://registry.npmjs.org/hasown/-/hasown-2.0.4.tgz. Extracting by manifest.
1932 silly tarball no local data for prelude-ls@https://registry.npmjs.org/prelude-ls/-/prelude-ls-1.2.1.tgz. Extracting by manifest.
1933 silly tarball no local data for mime-types@https://registry.npmjs.org/mime-types/-/mime-types-2.1.35.tgz. Extracting by manifest.
1934 silly tarball no local data for es-set-tostringtag@https://registry.npmjs.org/es-set-tostringtag/-/es-set-tostringtag-2.1.0.tgz. Extracting by manifest.
1935 silly tarball no local data for combined-stream@https://registry.npmjs.org/combined-stream/-/combined-stream-1.0.8.tgz. Extracting by manifest.
1936 silly tarball no local data for asynckit@https://registry.npmjs.org/asynckit/-/asynckit-0.4.0.tgz. Extracting by manifest.
1937 silly tarball no local data for flatted@https://registry.npmjs.org/flatted/-/flatted-3.4.4.tgz. Extracting by manifest.
1938 silly tarball no local data for path-exists@https://registry.npmjs.org/path-exists/-/path-exists-4.0.0.tgz. Extracting by manifest.
1939 silly tarball no local data for keyv@https://registry.npmjs.org/keyv/-/keyv-4.5.4.tgz. Extracting by manifest.
1940 silly tarball no local data for locate-path@https://registry.npmjs.org/locate-path/-/locate-path-6.0.0.tgz. Extracting by manifest.
1941 silly tarball no local data for flat-cache@https://registry.npmjs.org/flat-cache/-/flat-cache-4.0.1.tgz. Extracting by manifest.
1942 silly tarball no local data for acorn-jsx@https://registry.npmjs.org/acorn-jsx/-/acorn-jsx-5.3.2.tgz. Extracting by manifest.
1943 silly tarball no local data for acorn@https://registry.npmjs.org/acorn/-/acorn-8.18.0.tgz. Extracting by manifest.
1944 silly tarball no local data for estraverse@https://registry.npmjs.org/estraverse/-/estraverse-5.3.0.tgz. Extracting by manifest.
1945 silly tarball no local data for esrecurse@https://registry.npmjs.org/esrecurse/-/esrecurse-4.3.0.tgz. Extracting by manifest.
1946 silly tarball no local data for @types/esrecurse@https://registry.npmjs.org/@types/esrecurse/-/esrecurse-4.3.1.tgz. Extracting by manifest.
1947 silly tarball no local data for node-releases@https://registry.npmjs.org/node-releases/-/node-releases-2.0.53.tgz. Extracting by manifest.
1948 silly tarball no local data for electron-to-chromium@https://registry.npmjs.org/electron-to-chromium/-/electron-to-chromium-1.5.412.tgz. Extracting by manifest.
1949 silly tarball no local data for update-browserslist-db@https://registry.npmjs.org/update-browserslist-db/-/update-browserslist-db-1.3.1.tgz. Extracting by manifest.
1950 silly tarball no local data for caniuse-lite@https://registry.npmjs.org/caniuse-lite/-/caniuse-lite-1.0.30001809.tgz. Extracting by manifest.
1951 silly tarball no local data for baseline-browser-mapping@https://registry.npmjs.org/baseline-browser-mapping/-/baseline-browser-mapping-2.11.18.tgz. Extracting by manifest.
1952 silly tarball no local data for @babel/helper-string-parser@https://registry.npmjs.org/@babel/helper-string-parser/-/helper-string-parser-7.29.7.tgz. Extracting by manifest.
1953 silly tarball no local data for @jridgewell/resolve-uri@https://registry.npmjs.org/@jridgewell/resolve-uri/-/resolve-uri-3.1.2.tgz. Extracting by manifest.
1954 silly tarball no local data for @jridgewell/sourcemap-codec@https://registry.npmjs.org/@jridgewell/sourcemap-codec/-/sourcemap-codec-1.5.5.tgz. Extracting by manifest.
1955 silly tarball no local data for @babel/helper-globals@https://registry.npmjs.org/@babel/helper-globals/-/helper-globals-7.29.7.tgz. Extracting by manifest.
1956 silly tarball no local data for @babel/helper-module-imports@https://registry.npmjs.org/@babel/helper-module-imports/-/helper-module-imports-7.29.7.tgz. Extracting by manifest.
1957 silly tarball no local data for @babel/helper-validator-option@https://registry.npmjs.org/@babel/helper-validator-option/-/helper-validator-option-7.29.7.tgz. Extracting by manifest.
1958 silly tarball no local data for lru-cache@https://registry.npmjs.org/lru-cache/-/lru-cache-5.1.1.tgz. Extracting by manifest.
1959 silly tarball no local data for browserslist@https://registry.npmjs.org/browserslist/-/browserslist-4.28.8.tgz. Extracting by manifest.
1960 silly tarball no local data for @babel/compat-data@https://registry.npmjs.org/@babel/compat-data/-/compat-data-7.29.7.tgz. Extracting by manifest.
1961 silly tarball no local data for jsesc@https://registry.npmjs.org/jsesc/-/jsesc-3.1.0.tgz. Extracting by manifest.
1962 silly tarball no local data for @jridgewell/trace-mapping@https://registry.npmjs.org/@jridgewell/trace-mapping/-/trace-mapping-0.3.31.tgz. Extracting by manifest.
1963 silly tarball no local data for @jridgewell/gen-mapping@https://registry.npmjs.org/@jridgewell/gen-mapping/-/gen-mapping-0.3.13.tgz. Extracting by manifest.
1964 silly tarball no local data for @babel/helper-validator-identifier@https://registry.npmjs.org/@babel/helper-validator-identifier/-/helper-validator-identifier-7.29.7.tgz. Extracting by manifest.
1965 silly tarball no local data for picocolors@https://registry.npmjs.org/picocolors/-/picocolors-1.1.1.tgz. Extracting by manifest.
1966 silly tarball no local data for js-tokens@https://registry.npmjs.org/js-tokens/-/js-tokens-4.0.0.tgz. Extracting by manifest.
1967 silly tarball no local data for semver@https://registry.npmjs.org/semver/-/semver-6.3.1.tgz. Extracting by manifest.
1968 silly tarball no local data for @jridgewell/remapping@https://registry.npmjs.org/@jridgewell/remapping/-/remapping-2.3.5.tgz. Extracting by manifest.
1969 silly tarball no local data for json5@https://registry.npmjs.org/json5/-/json5-2.2.3.tgz. Extracting by manifest.
1970 silly tarball no local data for @babel/types@https://registry.npmjs.org/@babel/types/-/types-7.29.8.tgz. Extracting by manifest.
1971 silly tarball no local data for convert-source-map@https://registry.npmjs.org/convert-source-map/-/convert-source-map-2.0.0.tgz. Extracting by manifest.
1972 silly tarball no local data for gensync@https://registry.npmjs.org/gensync/-/gensync-1.0.0-beta.2.tgz. Extracting by manifest.
1973 silly tarball no local data for @babel/template@https://registry.npmjs.org/@babel/template/-/template-7.29.7.tgz. Extracting by manifest.
1974 silly tarball no local data for @babel/traverse@https://registry.npmjs.org/@babel/traverse/-/traverse-7.29.8.tgz. Extracting by manifest.
1975 silly tarball no local data for @babel/helpers@https://registry.npmjs.org/@babel/helpers/-/helpers-7.29.7.tgz. Extracting by manifest.
1976 silly tarball no local data for @babel/helper-module-transforms@https://registry.npmjs.org/@babel/helper-module-transforms/-/helper-module-transforms-7.29.7.tgz. Extracting by manifest.
1977 silly tarball no local data for zod-validation-error@https://registry.npmjs.org/zod-validation-error/-/zod-validation-error-4.0.2.tgz. Extracting by manifest.
1978 silly tarball no local data for @babel/helper-compilation-targets@https://registry.npmjs.org/@babel/helper-compilation-targets/-/helper-compilation-targets-7.29.7.tgz. Extracting by manifest.
1979 silly tarball no local data for @babel/generator@https://registry.npmjs.org/@babel/generator/-/generator-7.29.8.tgz. Extracting by manifest.
1980 silly tarball no local data for @babel/code-frame@https://registry.npmjs.org/@babel/code-frame/-/code-frame-7.29.7.tgz. Extracting by manifest.
1981 silly tarball no local data for zod@https://registry.npmjs.org/zod/-/zod-4.4.3.tgz. Extracting by manifest.
1982 silly tarball no local data for hermes-parser@https://registry.npmjs.org/hermes-parser/-/hermes-parser-0.25.1.tgz. Extracting by manifest.
1983 silly tarball no local data for @babel/parser@https://registry.npmjs.org/@babel/parser/-/parser-7.29.8.tgz. Extracting by manifest.
1984 silly tarball no local data for ms@https://registry.npmjs.org/ms/-/ms-2.1.3.tgz. Extracting by manifest.
1985 silly tarball no local data for @babel/core@https://registry.npmjs.org/@babel/core/-/core-7.29.7.tgz. Extracting by manifest.
1986 silly tarball no local data for which@https://registry.npmjs.org/which/-/which-2.0.2.tgz. Extracting by manifest.
1987 silly tarball no local data for path-key@https://registry.npmjs.org/path-key/-/path-key-3.1.1.tgz. Extracting by manifest.
1988 silly tarball no local data for shebang-command@https://registry.npmjs.org/shebang-command/-/shebang-command-2.0.0.tgz. Extracting by manifest.
1989 silly tarball no local data for uri-js@https://registry.npmjs.org/uri-js/-/uri-js-4.4.1.tgz. Extracting by manifest.
1990 silly tarball no local data for @humanfs/types@https://registry.npmjs.org/@humanfs/types/-/types-0.15.0.tgz. Extracting by manifest.
1991 silly tarball no local data for @types/json-schema@https://registry.npmjs.org/@types/json-schema/-/json-schema-7.0.15.tgz. Extracting by manifest.
1992 silly tarball no local data for json-schema-traverse@https://registry.npmjs.org/json-schema-traverse/-/json-schema-traverse-0.4.1.tgz. Extracting by manifest.
1993 silly tarball no local data for @humanfs/core@https://registry.npmjs.org/@humanfs/core/-/core-0.19.2.tgz. Extracting by manifest.
1994 silly tarball no local data for @eslint/object-schema@https://registry.npmjs.org/@eslint/object-schema/-/object-schema-3.0.5.tgz. Extracting by manifest.
1995 silly tarball no local data for fast-json-stable-stringify@https://registry.npmjs.org/fast-json-stable-stringify/-/fast-json-stable-stringify-2.1.0.tgz. Extracting by manifest.
1996 silly tarball no local data for optionator@https://registry.npmjs.org/optionator/-/optionator-0.9.4.tgz. Extracting by manifest.
1997 silly tarball no local data for natural-compare@https://registry.npmjs.org/natural-compare/-/natural-compare-1.4.0.tgz. Extracting by manifest.
1998 silly tarball no local data for levn@https://registry.npmjs.org/levn/-/levn-0.4.1.tgz. Extracting by manifest.
1999 silly tarball no local data for is-glob@https://registry.npmjs.org/is-glob/-/is-glob-4.0.3.tgz. Extracting by manifest.
2000 silly tarball no local data for minimatch@https://registry.npmjs.org/minimatch/-/minimatch-10.2.6.tgz. Extracting by manifest.
2001 silly tarball no local data for json-stable-stringify-without-jsonify@https://registry.npmjs.org/json-stable-stringify-without-jsonify/-/json-stable-stringify-without-jsonify-1.0.1.tgz. Extracting by manifest.
2002 silly tarball no local data for imurmurhash@https://registry.npmjs.org/imurmurhash/-/imurmurhash-0.1.4.tgz. Extracting by manifest.
2003 silly tarball no local data for ignore@https://registry.npmjs.org/ignore/-/ignore-5.3.2.tgz. Extracting by manifest.
2004 silly tarball no local data for glob-parent@https://registry.npmjs.org/glob-parent/-/glob-parent-6.0.2.tgz. Extracting by manifest.
2005 silly tarball no local data for find-up@https://registry.npmjs.org/find-up/-/find-up-5.0.0.tgz. Extracting by manifest.
2006 silly tarball no local data for file-entry-cache@https://registry.npmjs.org/file-entry-cache/-/file-entry-cache-8.0.0.tgz. Extracting by manifest.
2007 silly tarball no local data for fast-deep-equal@https://registry.npmjs.org/fast-deep-equal/-/fast-deep-equal-3.1.3.tgz. Extracting by manifest.
2008 silly tarball no local data for esquery@https://registry.npmjs.org/esquery/-/esquery-1.7.0.tgz. Extracting by manifest.
2009 silly tarball no local data for espree@https://registry.npmjs.org/espree/-/espree-11.2.0.tgz. Extracting by manifest.
2010 silly tarball no local data for esutils@https://registry.npmjs.org/esutils/-/esutils-2.0.3.tgz. Extracting by manifest.
2011 silly tarball no local data for eslint-visitor-keys@https://registry.npmjs.org/eslint-visitor-keys/-/eslint-visitor-keys-5.0.1.tgz. Extracting by manifest.
2012 silly tarball no local data for eslint-scope@https://registry.npmjs.org/eslint-scope/-/eslint-scope-9.1.2.tgz. Extracting by manifest.
2013 silly tarball no local data for escape-string-regexp@https://registry.npmjs.org/escape-string-regexp/-/escape-string-regexp-4.0.0.tgz. Extracting by manifest.
2014 silly tarball no local data for debug@https://registry.npmjs.org/debug/-/debug-4.4.3.tgz. Extracting by manifest.
2015 silly tarball no local data for @humanwhocodes/retry@https://registry.npmjs.org/@humanwhocodes/retry/-/retry-0.4.3.tgz. Extracting by manifest.
2016 silly tarball no local data for @types/estree@https://registry.npmjs.org/@types/estree/-/estree-1.0.9.tgz. Extracting by manifest.
2017 silly tarball no local data for @humanfs/node@https://registry.npmjs.org/@humanfs/node/-/node-0.16.8.tgz. Extracting by manifest.
2018 silly tarball no local data for @humanwhocodes/module-importer@https://registry.npmjs.org/@humanwhocodes/module-importer/-/module-importer-1.0.1.tgz. Extracting by manifest.
2019 silly tarball no local data for cross-spawn@https://registry.npmjs.org/cross-spawn/-/cross-spawn-7.0.6.tgz. Extracting by manifest.
2020 silly tarball no local data for ajv@https://registry.npmjs.org/ajv/-/ajv-6.15.0.tgz. Extracting by manifest.
2021 silly tarball no local data for @eslint/plugin-kit@https://registry.npmjs.org/@eslint/plugin-kit/-/plugin-kit-0.7.2.tgz. Extracting by manifest.
2022 silly tarball no local data for @eslint/core@https://registry.npmjs.org/@eslint/core/-/core-1.2.1.tgz. Extracting by manifest.
2023 silly tarball no local data for @eslint-community/regexpp@https://registry.npmjs.org/@eslint-community/regexpp/-/regexpp-4.12.2.tgz. Extracting by manifest.
2024 silly tarball no local data for @eslint/config-helpers@https://registry.npmjs.org/@eslint/config-helpers/-/config-helpers-0.7.0.tgz. Extracting by manifest.
2025 silly tarball no local data for @eslint-community/eslint-utils@https://registry.npmjs.org/@eslint-community/eslint-utils/-/eslint-utils-4.10.1.tgz. Extracting by manifest.
2026 silly tarball no local data for proxy-from-env@https://registry.npmjs.org/proxy-from-env/-/proxy-from-env-2.1.0.tgz. Extracting by manifest.
2027 silly tarball no local data for @eslint/config-array@https://registry.npmjs.org/@eslint/config-array/-/config-array-0.23.5.tgz. Extracting by manifest.
2028 silly tarball no local data for @rolldown/pluginutils@https://registry.npmjs.org/@rolldown/pluginutils/-/pluginutils-1.0.1.tgz. Extracting by manifest.
2029 silly tarball no local data for form-data@https://registry.npmjs.org/form-data/-/form-data-4.0.6.tgz. Extracting by manifest.
2030 silly tarball no local data for https-proxy-agent@https://registry.npmjs.org/https-proxy-agent/-/https-proxy-agent-5.0.1.tgz. Extracting by manifest.
2031 silly tarball no local data for follow-redirects@https://registry.npmjs.org/follow-redirects/-/follow-redirects-1.16.0.tgz. Extracting by manifest.
2032 silly tarball no local data for csstype@https://registry.npmjs.org/csstype/-/csstype-3.2.3.tgz. Extracting by manifest.
2033 silly tarball no local data for typescript@https://registry.npmjs.org/typescript/-/typescript-6.0.3.tgz. Extracting by manifest.
2034 silly tarball no local data for react-is@https://registry.npmjs.org/react-is/-/react-is-19.2.8.tgz. Extracting by manifest.
2035 silly tarball no local data for typescript-eslint@https://registry.npmjs.org/typescript-eslint/-/typescript-eslint-8.67.0.tgz. Extracting by manifest.
2036 silly tarball no local data for react-dom@https://registry.npmjs.org/react-dom/-/react-dom-19.2.8.tgz. Extracting by manifest.
2037 silly tarball no local data for react-router-dom@https://registry.npmjs.org/react-router-dom/-/react-router-dom-7.18.2.tgz. Extracting by manifest.
2038 silly tarball no local data for recharts@https://registry.npmjs.org/recharts/-/recharts-3.10.1.tgz. Extracting by manifest.
2039 silly tarball no local data for lucide-react@https://registry.npmjs.org/lucide-react/-/lucide-react-1.33.0.tgz. Extracting by manifest.
2040 silly tarball no local data for react@https://registry.npmjs.org/react/-/react-19.2.8.tgz. Extracting by manifest.
2041 silly tarball no local data for globals@https://registry.npmjs.org/globals/-/globals-17.11.0.tgz. Extracting by manifest.
2042 silly tarball no local data for eslint-plugin-react-refresh@https://registry.npmjs.org/eslint-plugin-react-refresh/-/eslint-plugin-react-refresh-0.5.4.tgz. Extracting by manifest.
2043 silly tarball no local data for eslint-plugin-react-hooks@https://registry.npmjs.org/eslint-plugin-react-hooks/-/eslint-plugin-react-hooks-7.1.1.tgz. Extracting by manifest.
2044 silly tarball no local data for axios@https://registry.npmjs.org/axios/-/axios-1.19.0.tgz. Extracting by manifest.
2045 silly tarball no local data for @vitejs/plugin-react@https://registry.npmjs.org/@vitejs/plugin-react/-/plugin-react-6.1.0.tgz. Extracting by manifest.
2046 silly tarball no local data for @types/react@https://registry.npmjs.org/@types/react/-/react-19.2.18.tgz. Extracting by manifest.
2047 silly tarball no local data for @eslint/js@https://registry.npmjs.org/@eslint/js/-/js-10.0.1.tgz. Extracting by manifest.
2048 silly tarball no local data for @types/react-dom@https://registry.npmjs.org/@types/react-dom/-/react-dom-19.2.4.tgz. Extracting by manifest.
2049 silly tarball no local data for semver@https://registry.npmjs.org/semver/-/semver-7.8.5.tgz. Extracting by manifest.
2050 silly tarball no local data for ignore@https://registry.npmjs.org/ignore/-/ignore-7.0.6.tgz. Extracting by manifest.
2051 http cache eslint@https://registry.npmjs.org/eslint/-/eslint-10.9.0.tgz 0ms (cache hit)
2052 http cache vite@https://registry.npmjs.org/vite/-/vite-8.2.2.tgz 0ms (cache hit)
2053 silly tarball no local data for eslint-visitor-keys@https://registry.npmjs.org/eslint-visitor-keys/-/eslint-visitor-keys-3.4.3.tgz. Extracting by manifest.
2054 silly tarball no local data for eslint@https://registry.npmjs.org/eslint/-/eslint-10.9.0.tgz. Extracting by manifest.
2055 silly tarball no local data for vite@https://registry.npmjs.org/vite/-/vite-8.2.2.tgz. Extracting by manifest.
2056 http fetch POST 200 https://registry.npmjs.org/-/npm/v1/security/advisories/bulk 511ms
2057 silly audit report {}
2058 http fetch GET 200 https://registry.npmjs.org/isexe/-/isexe-2.0.0.tgz 527ms (cache miss)
2059 http fetch GET 200 https://registry.npmjs.org/@oxc-project/types/-/types-0.146.0.tgz 532ms (cache miss)
2060 http fetch GET 200 https://registry.npmjs.org/@types/d3-color/-/d3-color-3.1.3.tgz 555ms (cache miss)
2061 http fetch GET 200 https://registry.npmjs.org/d3-timer/-/d3-timer-3.0.1.tgz 569ms (cache miss)
2062 http fetch GET 200 https://registry.npmjs.org/d3-time/-/d3-time-3.1.0.tgz 597ms (cache miss)
2063 http fetch GET 200 https://registry.npmjs.org/@types/d3-path/-/d3-path-3.1.1.tgz 602ms (cache miss)
2064 http fetch GET 200 https://registry.npmjs.org/d3-format/-/d3-format-3.1.2.tgz 717ms (cache miss)
2065 http fetch GET 200 https://registry.npmjs.org/@types/d3-timer/-/d3-timer-3.0.2.tgz 1368ms (cache miss)
2066 http fetch GET 200 https://registry.npmjs.org/@types/d3-ease/-/d3-ease-3.0.2.tgz 1707ms (cache miss)
2067 http fetch GET 200 https://registry.npmjs.org/@types/d3-time/-/d3-time-3.0.4.tgz 1766ms (cache miss)
2068 http fetch GET 200 https://registry.npmjs.org/internmap/-/internmap-2.0.3.tgz 1831ms (cache miss)
2069 http fetch GET 200 https://registry.npmjs.org/escalade/-/escalade-3.2.0.tgz 7039ms (cache miss)
2070 http fetch GET 200 https://registry.npmjs.org/@types/d3-interpolate/-/d3-interpolate-3.0.4.tgz 7039ms (cache miss)
2071 http fetch GET 200 https://registry.npmjs.org/d3-path/-/d3-path-3.1.0.tgz 9619ms (cache miss)
2072 http fetch GET 200 https://registry.npmjs.org/redux-thunk/-/redux-thunk-3.1.0.tgz 9817ms (cache miss)
2073 http fetch GET 200 https://registry.npmjs.org/@typescript-eslint/project-service/-/project-service-8.67.0.tgz 9914ms (cache miss)
2074 http fetch GET 200 https://registry.npmjs.org/shebang-regex/-/shebang-regex-3.0.0.tgz 10784ms (cache miss)
2075 http fetch GET 200 https://registry.npmjs.org/punycode/-/punycode-2.3.1.tgz 11060ms (cache miss)
2076 http fetch GET 200 https://registry.npmjs.org/tiny-invariant/-/tiny-invariant-1.3.3.tgz 11954ms (cache miss)
2077 http fetch GET 200 https://registry.npmjs.org/@standard-schema/utils/-/utils-0.3.0.tgz 11965ms (cache miss)
2078 http fetch GET 200 https://registry.npmjs.org/p-limit/-/p-limit-3.1.0.tgz 12882ms (cache miss)
2079 http fetch GET 200 https://registry.npmjs.org/deep-is/-/deep-is-0.1.4.tgz 12883ms (cache miss)
2080 http fetch GET 200 https://registry.npmjs.org/yocto-queue/-/yocto-queue-0.1.0.tgz 12889ms (cache miss)
2081 http fetch GET 200 https://registry.npmjs.org/yallist/-/yallist-3.1.1.tgz 12904ms (cache miss)
2082 http fetch GET 200 https://registry.npmjs.org/detect-libc/-/detect-libc-2.1.2.tgz 12956ms (cache miss)
2083 http fetch GET 200 https://registry.npmjs.org/p-locate/-/p-locate-5.0.0.tgz 12983ms (cache miss)
2084 http fetch GET 200 https://registry.npmjs.org/scheduler/-/scheduler-0.27.0.tgz 13089ms (cache miss)
2085 http fetch GET 200 https://registry.npmjs.org/is-extglob/-/is-extglob-2.1.1.tgz 13080ms (cache miss)
2086 http fetch GET 200 https://registry.npmjs.org/fdir/-/fdir-6.5.0.tgz 13141ms (cache miss)
2087 http fetch GET 200 https://registry.npmjs.org/call-bind-apply-helpers/-/call-bind-apply-helpers-1.0.2.tgz 13269ms (cache miss)
2088 http fetch GET 200 https://registry.npmjs.org/hasown/-/hasown-2.0.4.tgz 13270ms (cache miss)
2089 http fetch GET 200 https://registry.npmjs.org/word-wrap/-/word-wrap-1.2.5.tgz 13307ms (cache miss)
2090 http fetch GET 200 https://registry.npmjs.org/path-exists/-/path-exists-4.0.0.tgz 13352ms (cache miss)
2091 http fetch GET 200 https://registry.npmjs.org/json-buffer/-/json-buffer-3.0.1.tgz 13502ms (cache miss)
2092 http fetch GET 200 https://registry.npmjs.org/keyv/-/keyv-4.5.4.tgz 13480ms (cache miss)
2093 http fetch GET 200 https://registry.npmjs.org/agent-base/-/agent-base-6.0.2.tgz 13591ms (cache miss)
2094 http fetch GET 200 https://registry.npmjs.org/has-symbols/-/has-symbols-1.1.0.tgz 13587ms (cache miss)
2095 http fetch GET 200 https://registry.npmjs.org/fast-levenshtein/-/fast-levenshtein-2.0.6.tgz 13785ms (cache miss)
2096 http fetch GET 200 https://registry.npmjs.org/has-tostringtag/-/has-tostringtag-1.0.2.tgz 13771ms (cache miss)
2097 http fetch GET 200 https://registry.npmjs.org/function-bind/-/function-bind-1.1.2.tgz 13778ms (cache miss)
2098 http fetch GET 200 https://registry.npmjs.org/es-errors/-/es-errors-1.3.0.tgz 13845ms (cache miss)
2099 http fetch GET 200 https://registry.npmjs.org/es-set-tostringtag/-/es-set-tostringtag-2.1.0.tgz 13851ms (cache miss)
2100 http fetch GET 200 https://registry.npmjs.org/combined-stream/-/combined-stream-1.0.8.tgz 13849ms (cache miss)
2101 http fetch GET 200 https://registry.npmjs.org/@types/d3-array/-/d3-array-3.2.2.tgz 13915ms (cache miss)
2102 http fetch GET 200 https://registry.npmjs.org/update-browserslist-db/-/update-browserslist-db-1.3.1.tgz 13860ms (cache miss)
2103 http fetch GET 200 https://registry.npmjs.org/node-releases/-/node-releases-2.0.53.tgz 13862ms (cache miss)
2104 http fetch GET 200 https://registry.npmjs.org/locate-path/-/locate-path-6.0.0.tgz 13867ms (cache miss)
2105 http fetch GET 200 https://registry.npmjs.org/js-tokens/-/js-tokens-4.0.0.tgz 13849ms (cache miss)
2106 http fetch GET 200 https://registry.npmjs.org/picocolors/-/picocolors-1.1.1.tgz 13851ms (cache miss)
2107 http fetch GET 200 https://registry.npmjs.org/@babel/helper-compilation-targets/-/helper-compilation-targets-7.29.7.tgz 13890ms (cache miss)
2108 http fetch GET 200 https://registry.npmjs.org/ms/-/ms-2.1.3.tgz 13896ms (cache miss)
2109 http fetch GET 200 https://registry.npmjs.org/which/-/which-2.0.2.tgz 13913ms (cache miss)
2110 http fetch GET 200 https://registry.npmjs.org/json-schema-traverse/-/json-schema-traverse-0.4.1.tgz 13916ms (cache miss)
2111 http fetch GET 200 https://registry.npmjs.org/@humanfs/core/-/core-0.19.2.tgz 13915ms (cache miss)
2112 http fetch GET 200 https://registry.npmjs.org/fast-json-stable-stringify/-/fast-json-stable-stringify-2.1.0.tgz 13914ms (cache miss)
2113 http fetch GET 200 https://registry.npmjs.org/natural-compare/-/natural-compare-1.4.0.tgz 13935ms (cache miss)
2114 http fetch GET 200 https://registry.npmjs.org/json-stable-stringify-without-jsonify/-/json-stable-stringify-without-jsonify-1.0.1.tgz 13938ms (cache miss)
2115 http fetch GET 200 https://registry.npmjs.org/imurmurhash/-/imurmurhash-0.1.4.tgz 13939ms (cache miss)
2116 http fetch GET 200 https://registry.npmjs.org/find-up/-/find-up-5.0.0.tgz 13938ms (cache miss)
2117 http fetch GET 200 https://registry.npmjs.org/fast-deep-equal/-/fast-deep-equal-3.1.3.tgz 13938ms (cache miss)
2118 http fetch GET 200 https://registry.npmjs.org/file-entry-cache/-/file-entry-cache-8.0.0.tgz 13969ms (cache miss)
2119 http fetch GET 200 https://registry.npmjs.org/react-is/-/react-is-19.2.8.tgz 14333ms (cache miss)
2120 http fetch GET 200 https://registry.npmjs.org/eslint-plugin-react-refresh/-/eslint-plugin-react-refresh-0.5.4.tgz 14330ms (cache miss)
2121 http fetch GET 200 https://registry.npmjs.org/@vitejs/plugin-react/-/plugin-react-6.1.0.tgz 14328ms (cache miss)
2122 http fetch GET 200 https://registry.npmjs.org/@types/react-dom/-/react-dom-19.2.4.tgz 14330ms (cache miss)
2123 http fetch GET 200 https://registry.npmjs.org/@types/d3-scale/-/d3-scale-4.0.9.tgz 14471ms (cache miss)
2124 http fetch GET 200 https://registry.npmjs.org/react-router-dom/-/react-router-dom-7.18.2.tgz 14344ms (cache miss)
2125 http fetch GET 200 https://registry.npmjs.org/glob-parent/-/glob-parent-6.0.2.tgz 14752ms (cache miss)
2126 http fetch GET 200 https://registry.npmjs.org/is-glob/-/is-glob-4.0.3.tgz 14794ms (cache miss)
2127 http fetch GET 200 https://registry.npmjs.org/esrecurse/-/esrecurse-4.3.0.tgz 14977ms (cache miss)
2128 http fetch GET 200 https://registry.npmjs.org/@eslint/js/-/js-10.0.1.tgz 14968ms (cache miss)
2129 http fetch GET 200 https://registry.npmjs.org/mime-types/-/mime-types-2.1.35.tgz 15117ms (cache miss)
2130 http fetch GET 200 https://registry.npmjs.org/@types/esrecurse/-/esrecurse-4.3.1.tgz 15109ms (cache miss)
2131 http fetch GET 200 https://registry.npmjs.org/lru-cache/-/lru-cache-5.1.1.tgz 15105ms (cache miss)
2132 http fetch GET 200 https://registry.npmjs.org/@babel/compat-data/-/compat-data-7.29.7.tgz 15152ms (cache miss)
2133 http fetch GET 200 https://registry.npmjs.org/convert-source-map/-/convert-source-map-2.0.0.tgz 15146ms (cache miss)
2134 http fetch GET 200 https://registry.npmjs.org/@jridgewell/resolve-uri/-/resolve-uri-3.1.2.tgz 15164ms (cache miss)
2135 http fetch GET 200 https://registry.npmjs.org/path-key/-/path-key-3.1.1.tgz 15148ms (cache miss)
2136 http fetch GET 200 https://registry.npmjs.org/shebang-command/-/shebang-command-2.0.0.tgz 15148ms (cache miss)
2137 http fetch GET 200 https://registry.npmjs.org/@types/json-schema/-/json-schema-7.0.15.tgz 15148ms (cache miss)
2138 http fetch GET 200 https://registry.npmjs.org/@humanfs/types/-/types-0.15.0.tgz 15149ms (cache miss)
2139 http fetch GET 200 https://registry.npmjs.org/@humanwhocodes/module-importer/-/module-importer-1.0.1.tgz 15134ms (cache miss)
2140 http fetch GET 200 https://registry.npmjs.org/escape-string-regexp/-/escape-string-regexp-4.0.0.tgz 15138ms (cache miss)
2141 http fetch GET 200 https://registry.npmjs.org/@types/estree/-/estree-1.0.9.tgz 15150ms (cache miss)
2142 http fetch GET 200 https://registry.npmjs.org/@rolldown/pluginutils/-/pluginutils-1.0.1.tgz 15143ms (cache miss)
2143 http fetch GET 200 https://registry.npmjs.org/proxy-from-env/-/proxy-from-env-2.1.0.tgz 15903ms (cache miss)
2144 http fetch GET 200 https://registry.npmjs.org/@types/d3-shape/-/d3-shape-3.2.0.tgz 16275ms (cache miss)
2145 http fetch GET 200 https://registry.npmjs.org/gensync/-/gensync-1.0.0-beta.2.tgz 16288ms (cache miss)
2146 http fetch GET 200 https://registry.npmjs.org/levn/-/levn-0.4.1.tgz 16337ms (cache miss)
2147 http fetch GET 200 https://registry.npmjs.org/cross-spawn/-/cross-spawn-7.0.6.tgz 16358ms (cache miss)
2148 http fetch GET 200 https://registry.npmjs.org/eslint-visitor-keys/-/eslint-visitor-keys-3.4.3.tgz 16357ms (cache miss)
2149 http fetch GET 200 https://registry.npmjs.org/@types/use-sync-external-store/-/use-sync-external-store-0.0.6.tgz 16507ms (cache miss)
2150 http fetch GET 200 https://registry.npmjs.org/typescript-eslint/-/typescript-eslint-8.67.0.tgz 17029ms (cache miss)
2151 http fetch GET 200 https://registry.npmjs.org/delayed-stream/-/delayed-stream-1.0.0.tgz 18092ms (cache miss)
2152 http fetch GET 200 https://registry.npmjs.org/acorn-jsx/-/acorn-jsx-5.3.2.tgz 18090ms (cache miss)
2153 http fetch GET 200 https://registry.npmjs.org/set-cookie-parser/-/set-cookie-parser-2.7.2.tgz 18523ms (cache miss)
2154 http fetch GET 200 https://registry.npmjs.org/@babel/helper-string-parser/-/helper-string-parser-7.29.7.tgz 18522ms (cache miss)
2155 http fetch GET 200 https://registry.npmjs.org/@babel/code-frame/-/code-frame-7.29.7.tgz 18512ms (cache miss)
2156 http fetch GET 200 https://registry.npmjs.org/tinyglobby/-/tinyglobby-0.2.17.tgz 18775ms (cache miss)
2157 http fetch GET 200 https://registry.npmjs.org/@typescript-eslint/parser/-/parser-8.67.0.tgz 18816ms (cache miss)
2158 http fetch GET 200 https://registry.npmjs.org/estraverse/-/estraverse-5.3.0.tgz 18811ms (cache miss)
2159 http fetch GET 200 https://registry.npmjs.org/ignore/-/ignore-5.3.2.tgz 19029ms (cache miss)
2160 http fetch GET 200 https://registry.npmjs.org/ignore/-/ignore-7.0.6.tgz 19001ms (cache miss)
2161 http fetch GET 200 https://registry.npmjs.org/cookie/-/cookie-1.1.1.tgz 19158ms (cache miss)
2162 http fetch GET 200 https://registry.npmjs.org/jsesc/-/jsesc-3.1.0.tgz 19256ms (cache miss)
2163 http fetch GET 200 https://registry.npmjs.org/type-check/-/type-check-0.4.0.tgz 19316ms (cache miss)
2164 http fetch GET 200 https://registry.npmjs.org/@standard-schema/spec/-/spec-1.1.0.tgz 19336ms (cache miss)
2165 http fetch GET 200 https://registry.npmjs.org/follow-redirects/-/follow-redirects-1.16.0.tgz 19472ms (cache miss)
2166 http fetch GET 200 https://registry.npmjs.org/@babel/helper-globals/-/helper-globals-7.29.7.tgz 19809ms (cache miss)
2167 http fetch GET 200 https://registry.npmjs.org/semver/-/semver-6.3.1.tgz 19992ms (cache miss)
2168 http fetch GET 200 https://registry.npmjs.org/@eslint/core/-/core-1.2.1.tgz 20247ms (cache miss)
2169 http fetch GET 200 https://registry.npmjs.org/mime-db/-/mime-db-1.52.0.tgz 20514ms (cache miss)
2170 http fetch GET 200 https://registry.npmjs.org/flat-cache/-/flat-cache-4.0.1.tgz 20577ms (cache miss)
2171 http fetch GET 200 https://registry.npmjs.org/debug/-/debug-4.4.3.tgz 21334ms (cache miss)
2172 http fetch GET 200 https://registry.npmjs.org/optionator/-/optionator-0.9.4.tgz 21385ms (cache miss)
2173 http fetch GET 200 https://registry.npmjs.org/get-intrinsic/-/get-intrinsic-1.3.0.tgz 21458ms (cache miss)
2174 http fetch GET 200 https://registry.npmjs.org/@typescript-eslint/tsconfig-utils/-/tsconfig-utils-8.67.0.tgz 21513ms (cache miss)
2175 http fetch GET 200 https://registry.npmjs.org/esutils/-/esutils-2.0.3.tgz 21545ms (cache miss)
2176 http fetch GET 200 https://registry.npmjs.org/globals/-/globals-17.11.0.tgz 21589ms (cache miss)
2177 http fetch GET 200 https://registry.npmjs.org/@typescript-eslint/visitor-keys/-/visitor-keys-8.67.0.tgz 21744ms (cache miss)
2178 http fetch GET 200 https://registry.npmjs.org/form-data/-/form-data-4.0.6.tgz 21845ms (cache miss)
2179 http fetch GET 200 https://registry.npmjs.org/@humanfs/node/-/node-0.16.8.tgz 21905ms (cache miss)
2180 http fetch GET 200 https://registry.npmjs.org/clsx/-/clsx-2.1.1.tgz 22004ms (cache miss)
2181 http fetch GET 200 https://registry.npmjs.org/es-define-property/-/es-define-property-1.0.1.tgz 22069ms (cache miss)
2182 http fetch GET 200 https://registry.npmjs.org/@babel/helper-validator-option/-/helper-validator-option-7.29.7.tgz 23192ms (cache miss)
2183 http fetch GET 200 https://registry.npmjs.org/eslint-visitor-keys/-/eslint-visitor-keys-5.0.1.tgz 23240ms (cache miss)
2184 http fetch GET 200 https://registry.npmjs.org/gopd/-/gopd-1.2.0.tgz 23316ms (cache miss)
2185 http fetch GET 200 https://registry.npmjs.org/browserslist/-/browserslist-4.28.8.tgz 23309ms (cache miss)
2186 http fetch GET 200 https://registry.npmjs.org/@humanwhocodes/retry/-/retry-0.4.3.tgz 23291ms (cache miss)
2187 http fetch GET 200 https://registry.npmjs.org/prelude-ls/-/prelude-ls-1.2.1.tgz 23360ms (cache miss)
2188 http fetch GET 200 https://registry.npmjs.org/@babel/helper-validator-identifier/-/helper-validator-identifier-7.29.7.tgz 23338ms (cache miss)
2189 http fetch GET 200 https://registry.npmjs.org/d3-color/-/d3-color-3.1.0.tgz 23435ms (cache miss)
2190 http fetch GET 200 https://registry.npmjs.org/picomatch/-/picomatch-4.0.5.tgz 24264ms (cache miss)
2191 http fetch GET 200 https://registry.npmjs.org/decimal.js-light/-/decimal.js-light-2.5.1.tgz 24258ms (cache miss)
2192 http fetch GET 200 https://registry.npmjs.org/baseline-browser-mapping/-/baseline-browser-mapping-2.11.18.tgz 24213ms (cache miss)
2193 http fetch GET 200 https://registry.npmjs.org/ts-api-utils/-/ts-api-utils-2.5.0.tgz 24381ms (cache miss)
2194 http fetch GET 200 https://registry.npmjs.org/get-proto/-/get-proto-1.0.1.tgz 24537ms (cache miss)
2195 http fetch GET 200 https://registry.npmjs.org/electron-to-chromium/-/electron-to-chromium-1.5.412.tgz 24526ms (cache miss)
2196 http fetch GET 200 https://registry.npmjs.org/eventemitter3/-/eventemitter3-5.0.4.tgz 24600ms (cache miss)
2197 http fetch GET 200 https://registry.npmjs.org/dunder-proto/-/dunder-proto-1.0.1.tgz 24588ms (cache miss)
2198 http fetch GET 200 https://registry.npmjs.org/https-proxy-agent/-/https-proxy-agent-5.0.1.tgz 24507ms (cache miss)
2199 http fetch GET 200 https://registry.npmjs.org/@babel/helper-module-imports/-/helper-module-imports-7.29.7.tgz 24564ms (cache miss)
2200 http fetch GET 200 https://registry.npmjs.org/es-object-atoms/-/es-object-atoms-1.1.2.tgz 24602ms (cache miss)
2201 http fetch GET 200 https://registry.npmjs.org/@eslint-community/regexpp/-/regexpp-4.12.2.tgz 24536ms (cache miss)
2202 http fetch GET 200 https://registry.npmjs.org/@eslint/object-schema/-/object-schema-3.0.5.tgz 24795ms (cache miss)
2203 http fetch GET 200 https://registry.npmjs.org/@eslint/config-helpers/-/config-helpers-0.7.0.tgz 24810ms (cache miss)
2204 http fetch GET 200 https://registry.npmjs.org/flatted/-/flatted-3.4.4.tgz 25653ms (cache miss)
2205 http fetch GET 200 https://registry.npmjs.org/@eslint-community/eslint-utils/-/eslint-utils-4.10.1.tgz 25742ms (cache miss)
2206 http fetch GET 200 https://registry.npmjs.org/espree/-/espree-11.2.0.tgz 25777ms (cache miss)
2207 http fetch GET 200 https://registry.npmjs.org/@eslint/plugin-kit/-/plugin-kit-0.7.2.tgz 26737ms (cache miss)
2208 http fetch GET 200 https://registry.npmjs.org/@typescript-eslint/types/-/types-8.67.0.tgz 26972ms (cache miss)
2209 http fetch GET 200 https://registry.npmjs.org/nanoid/-/nanoid-3.3.18.tgz 27177ms (cache miss)
2210 http fetch GET 200 https://registry.npmjs.org/balanced-match/-/balanced-match-4.0.4.tgz 27131ms (cache miss)
2211 http fetch GET 200 https://registry.npmjs.org/d3-ease/-/d3-ease-3.0.1.tgz 27170ms (cache miss)
2212 http fetch GET 200 https://registry.npmjs.org/source-map-js/-/source-map-js-1.2.1.tgz 27210ms (cache miss)
2213 http fetch GET 200 https://registry.npmjs.org/brace-expansion/-/brace-expansion-5.0.9.tgz 27165ms (cache miss)
2214 http fetch GET 200 https://registry.npmjs.org/acorn/-/acorn-8.18.0.tgz 27187ms (cache miss)
2215 http fetch GET 200 https://registry.npmjs.org/use-sync-external-store/-/use-sync-external-store-1.6.0.tgz 27247ms (cache miss)
2216 http fetch GET 200 https://registry.npmjs.org/eslint-scope/-/eslint-scope-9.1.2.tgz 27200ms (cache miss)
2217 http fetch GET 200 https://registry.npmjs.org/asynckit/-/asynckit-0.4.0.tgz 27366ms (cache miss)
2218 http fetch GET 200 https://registry.npmjs.org/csstype/-/csstype-3.2.3.tgz 27304ms (cache miss)
2219 http fetch GET 200 https://registry.npmjs.org/zod-validation-error/-/zod-validation-error-4.0.2.tgz 27339ms (cache miss)
2220 http fetch GET 200 https://registry.npmjs.org/@types/react/-/react-19.2.18.tgz 27422ms (cache miss)
2221 http fetch GET 200 https://registry.npmjs.org/lightningcss/-/lightningcss-1.33.0.tgz 27694ms (cache miss)
2222 http fetch GET 200 https://registry.npmjs.org/hermes-estree/-/hermes-estree-0.25.1.tgz 27699ms (cache miss)
2223 http fetch GET 200 https://registry.npmjs.org/@babel/helper-module-transforms/-/helper-module-transforms-7.29.7.tgz 28416ms (cache miss)
2224 http fetch GET 200 https://registry.npmjs.org/@babel/template/-/template-7.29.7.tgz 28515ms (cache miss)
2225 http fetch GET 200 https://registry.npmjs.org/@eslint/config-array/-/config-array-0.23.5.tgz 28906ms (cache miss)
2226 http fetch GET 200 https://registry.npmjs.org/json5/-/json5-2.2.3.tgz 29631ms (cache miss)
2227 http fetch GET 200 https://registry.npmjs.org/d3-interpolate/-/d3-interpolate-3.0.1.tgz 30282ms (cache miss)
2228 http fetch GET 200 https://registry.npmjs.org/esquery/-/esquery-1.7.0.tgz 30991ms (cache miss)
2229 http fetch GET 200 https://registry.npmjs.org/react/-/react-19.2.8.tgz 31188ms (cache miss)
2230 http fetch GET 200 https://registry.npmjs.org/math-intrinsics/-/math-intrinsics-1.1.0.tgz 31392ms (cache miss)
2231 http fetch GET 200 https://registry.npmjs.org/@jridgewell/sourcemap-codec/-/sourcemap-codec-1.5.5.tgz 31367ms (cache miss)
2232 http fetch GET 200 https://registry.npmjs.org/d3-scale/-/d3-scale-4.0.2.tgz 31533ms (cache miss)
2233 http fetch GET 200 https://registry.npmjs.org/@babel/parser/-/parser-7.29.8.tgz 31436ms (cache miss)
2234 http fetch GET 200 https://registry.npmjs.org/@jridgewell/remapping/-/remapping-2.3.5.tgz 32362ms (cache miss)
2235 http fetch GET 200 https://registry.npmjs.org/@jridgewell/gen-mapping/-/gen-mapping-0.3.13.tgz 32382ms (cache miss)
2236 http fetch GET 200 https://registry.npmjs.org/redux/-/redux-5.0.1.tgz 32995ms (cache miss)
2237 http fetch GET 200 https://registry.npmjs.org/d3-time-format/-/d3-time-format-4.1.0.tgz 34062ms (cache miss)
2238 http fetch GET 200 https://registry.npmjs.org/reselect/-/reselect-5.2.0.tgz 34066ms (cache miss)
2239 http fetch GET 200 https://registry.npmjs.org/@typescript-eslint/type-utils/-/type-utils-8.67.0.tgz 35420ms (cache miss)
2240 http fetch GET 200 https://registry.npmjs.org/eslint-plugin-react-hooks/-/eslint-plugin-react-hooks-7.1.1.tgz 35465ms (cache miss)
2241 http fetch GET 200 https://registry.npmjs.org/immer/-/immer-11.1.18.tgz 35631ms (cache miss)
2242 http fetch GET 200 https://registry.npmjs.org/semver/-/semver-7.8.5.tgz 35525ms (cache miss)
2243 http fetch GET 200 https://registry.npmjs.org/@jridgewell/trace-mapping/-/trace-mapping-0.3.31.tgz 35646ms (cache miss)
2244 http fetch GET 200 https://registry.npmjs.org/postcss/-/postcss-8.5.26.tgz 36777ms (cache miss)
2245 http fetch GET 200 https://registry.npmjs.org/@babel/generator/-/generator-7.29.8.tgz 36854ms (cache miss)
2246 http fetch GET 200 https://registry.npmjs.org/d3-array/-/d3-array-3.2.4.tgz 38091ms (cache miss)
2247 http fetch GET 200 https://registry.npmjs.org/react-redux/-/react-redux-9.3.0.tgz 38167ms (cache miss)
2248 http fetch GET 200 https://registry.npmjs.org/vite/-/vite-8.2.2.tgz 38027ms (cache miss)
2249 http fetch GET 200 https://registry.npmjs.org/hermes-parser/-/hermes-parser-0.25.1.tgz 38265ms (cache miss)
2250 http fetch GET 200 https://registry.npmjs.org/uri-js/-/uri-js-4.4.1.tgz 38409ms (cache miss)
2251 http fetch GET 200 https://registry.npmjs.org/rolldown/-/rolldown-1.2.5.tgz 38879ms (cache miss)
2252 http fetch GET 200 https://registry.npmjs.org/d3-shape/-/d3-shape-3.2.0.tgz 38997ms (cache miss)
2253 http fetch GET 200 https://registry.npmjs.org/minimatch/-/minimatch-10.2.6.tgz 38897ms (cache miss)
2254 http fetch GET 200 https://registry.npmjs.org/@babel/traverse/-/traverse-7.29.8.tgz 41156ms (cache miss)
2255 http fetch GET 200 https://registry.npmjs.org/@typescript-eslint/typescript-estree/-/typescript-estree-8.67.0.tgz 42165ms (cache miss)
2256 http fetch GET 200 https://registry.npmjs.org/@typescript-eslint/utils/-/utils-8.67.0.tgz 42165ms (cache miss)
2257 http fetch GET 200 https://registry.npmjs.org/lightningcss-win32-x64-msvc/-/lightningcss-win32-x64-msvc-1.33.0.tgz 42356ms (cache miss)
2258 http fetch GET 200 https://registry.npmjs.org/ajv/-/ajv-6.15.0.tgz 43498ms (cache miss)
2259 http fetch GET 200 https://registry.npmjs.org/react-dom/-/react-dom-19.2.8.tgz 43550ms (cache miss)
2260 http fetch GET 200 https://registry.npmjs.org/axios/-/axios-1.19.0.tgz 43708ms (cache miss)
2261 http fetch GET 200 https://registry.npmjs.org/@babel/core/-/core-7.29.7.tgz 46105ms (cache miss)
2262 http fetch GET 200 https://registry.npmjs.org/@rolldown/binding-win32-x64-msvc/-/binding-win32-x64-msvc-1.2.5.tgz 47742ms (cache miss)
2263 http fetch GET 200 https://registry.npmjs.org/@babel/types/-/types-7.29.8.tgz 49160ms (cache miss)
2264 http fetch GET 200 https://registry.npmjs.org/react-router/-/react-router-7.18.2.tgz 49977ms (cache miss)
2265 http fetch GET 200 https://registry.npmjs.org/@reduxjs/toolkit/-/toolkit-2.12.0.tgz 50500ms (cache miss)
2266 http fetch GET 200 https://registry.npmjs.org/@babel/helpers/-/helpers-7.29.7.tgz 50528ms (cache miss)
2267 http fetch GET 200 https://registry.npmjs.org/typescript/-/typescript-6.0.3.tgz 52778ms (cache miss)
2268 http fetch GET 200 https://registry.npmjs.org/@typescript-eslint/scope-manager/-/scope-manager-8.67.0.tgz 53033ms (cache miss)
2269 http fetch GET 200 https://registry.npmjs.org/victory-vendor/-/victory-vendor-37.3.6.tgz 53055ms (cache miss)
2270 http fetch GET 200 https://registry.npmjs.org/@typescript-eslint/eslint-plugin/-/eslint-plugin-8.67.0.tgz 59555ms (cache miss)
2271 http fetch GET 200 https://registry.npmjs.org/eslint/-/eslint-10.9.0.tgz 59424ms (cache miss)
2272 http fetch GET 200 https://registry.npmjs.org/caniuse-lite/-/caniuse-lite-1.0.30001809.tgz 65592ms (cache miss)
2273 http fetch GET 200 https://registry.npmjs.org/zod/-/zod-4.4.3.tgz 66147ms (cache miss)
2274 http fetch GET 200 https://registry.npmjs.org/recharts/-/recharts-3.10.1.tgz 67171ms (cache miss)
2275 warn tar TAR_ENTRY_ERROR ENOENT: no such file or directory, lstat 'D:\Projects\student-management-system\frontend\node_modules\lucide-react\dist\esm\icons'
2276 silly tar TAR_ENTRY_ERROR ENOENT: no such file or directory, lstat 'D:\Projects\student-management-system\frontend\node_modules\lucide-react\dist\esm\icons' [Error: ENOENT: no such file or directory, lstat 'D:\Projects\student-management-system\frontend\node_modules\lucide-react\dist\esm\icons'] {
2276 silly tar   errno: -4058,
2276 silly tar   code: 'ENOENT',
2276 silly tar   syscall: 'lstat',
2276 silly tar   path: 'D:/Projects/student-management-system/frontend/node_modules/lucide-react/dist/esm/icons',
2276 silly tar   entry: As {
2276 silly tar     _events: [Object: null prototype] { end: [Function (anonymous)] },
2276 silly tar     _eventsCount: 1,
2276 silly tar     _maxListeners: undefined,
2276 silly tar     writable: false,
2276 silly tar     readable: true,
2276 silly tar     extended: undefined,
2276 silly tar     globalExtended: undefined,
2276 silly tar     header: Ms {
2276 silly tar       cksumValid: true,
2276 silly tar       needPax: false,
2276 silly tar       nullBlock: false,
2276 silly tar       block: undefined,
2276 silly tar       path: 'package/dist/esm/icons/text-cursor-input.mjs.map',
2276 silly tar       mode: 420,
2276 silly tar       uid: 0,
2276 silly tar       gid: 0,
2276 silly tar       size: 3838,
2276 silly tar       cksum: 8466,
2276 silly tar       linkpath: '',
2276 silly tar       uname: '',
2276 silly tar       gname: '',
2276 silly tar       devmaj: 0,
2276 silly tar       devmin: 0,
2276 silly tar       atime: undefined,
2276 silly tar       ctime: undefined,
2276 silly tar       mtime: 1985-10-26T08:15:00.000Z,
2276 silly tar       charset: undefined,
2276 silly tar       comment: undefined
2276 silly tar     },
2276 silly tar     startBlockSize: 4096,
2276 silly tar     blockRemain: 0,
2276 silly tar     remain: 0,
2276 silly tar     type: 'File',
2276 silly tar     meta: false,
2276 silly tar     ignore: false,
2276 silly tar     path: 'dist/esm/icons/text-cursor-input.mjs.map',
2276 silly tar     mode: 438,
2276 silly tar     uid: 0,
2276 silly tar     gid: 0,
2276 silly tar     uname: '',
2276 silly tar     gname: '',
2276 silly tar     size: 3838,
2276 silly tar     mtime: 1985-10-26T08:15:00.000Z,
2276 silly tar     atime: undefined,
2276 silly tar     ctime: undefined,
2276 silly tar     linkpath: undefined,
2276 silly tar     dev: undefined,
2276 silly tar     ino: undefined,
2276 silly tar     nlink: undefined,
2276 silly tar     invalid: false,
2276 silly tar     absolute: 'D:/Projects/student-management-system/frontend/node_modules/lucide-react/dist/esm/icons/text-cursor-input.mjs.map',
2276 silly tar     unsupported: false,
2276 silly tar     Symbol(shapeMode): false,
2276 silly tar     Symbol(kCapture): false,
2276 silly tar     Symbol(flowing): false,
2276 silly tar     Symbol(paused): true,
2276 silly tar     Symbol(pipes): [],
2276 silly tar     Symbol(buffer): [
2276 silly tar       <Buffer 7b 22 76 65 72 73 69 6f 6e 22 3a 33 2c 22 66 69 6c 65 22 3a 22 74 65 78 74 2d 63 75 72 73 6f 72 2d 69 6e 70 75 74 2e 6d 6a 73 22 2c 22 73 6f 75 72 63 ... 1399 more bytes>,
2276 silly tar       <Buffer 2f 6c 75 63 69 64 65 2e 64 65 76 2f 69 63 6f 6e 73 2f 74 65 78 74 2d 63 75 72 73 6f 72 2d 69 6e 70 75 74 5c 6e 20 2a 20 40 73 65 65 20 68 74 74 70 73 ... 2339 more bytes>
2276 silly tar     ],
2276 silly tar     Symbol(objectMode): false,
2276 silly tar     Symbol(encoding): null,
2276 silly tar     Symbol(async): false,
2276 silly tar     Symbol(decoder): null,
2276 silly tar     Symbol(EOF): true,
2276 silly tar     Symbol(emittedEnd): false,
2276 silly tar     Symbol(emittingEnd): false,
2276 silly tar     Symbol(closed): false,
2276 silly tar     Symbol(emittedError): null,
2276 silly tar     Symbol(bufferLength): 3838,
2276 silly tar     Symbol(destroyed): false,
2276 silly tar     Symbol(signal): undefined,
2276 silly tar     Symbol(aborted): false,
2276 silly tar     Symbol(dataListeners): 0,
2276 silly tar     Symbol(discarded): false
2276 silly tar   },
2276 silly tar   cwd: 'D:/Projects/student-management-system/frontend/node_modules/lucide-react',
2276 silly tar   tarCode: 'TAR_ENTRY_ERROR'
2276 silly tar }
2277 warn tar TAR_ENTRY_ERROR ENOENT: no such file or directory, lstat 'D:\Projects\student-management-system\frontend\node_modules\lucide-react\dist'
2278 silly tar TAR_ENTRY_ERROR ENOENT: no such file or directory, lstat 'D:\Projects\student-management-system\frontend\node_modules\lucide-react\dist' [Error: ENOENT: no such file or directory, lstat 'D:\Projects\student-management-system\frontend\node_modules\lucide-react\dist'] {
2278 silly tar   errno: -4058,
2278 silly tar   code: 'ENOENT',
2278 silly tar   syscall: 'lstat',
2278 silly tar   path: 'D:/Projects/student-management-system/frontend/node_modules/lucide-react/dist',
2278 silly tar   entry: As {
2278 silly tar     _events: [Object: null prototype] { end: [Function (anonymous)] },
2278 silly tar     _eventsCount: 1,
2278 silly tar     _maxListeners: undefined,
2278 silly tar     writable: false,
2278 silly tar     readable: true,
2278 silly tar     extended: undefined,
2278 silly tar     globalExtended: undefined,
2278 silly tar     header: Ms {
2278 silly tar       cksumValid: true,
2278 silly tar       needPax: false,
2278 silly tar       nullBlock: false,
2278 silly tar       block: undefined,
2278 silly tar       path: 'package/dist/esm/icons/text-cursor.mjs.map',
2278 silly tar       mode: 420,
2278 silly tar       uid: 0,
2278 silly tar       gid: 0,
2278 silly tar       size: 2728,
2278 silly tar       cksum: 7850,
2278 silly tar       linkpath: '',
2278 silly tar       uname: '',
2278 silly tar       gname: '',
2278 silly tar       devmaj: 0,
2278 silly tar       devmin: 0,
2278 silly tar       atime: undefined,
2278 silly tar       ctime: undefined,
2278 silly tar       mtime: 1985-10-26T08:15:00.000Z,
2278 silly tar       charset: undefined,
2278 silly tar       comment: undefined
2278 silly tar     },
2278 silly tar     startBlockSize: 3072,
2278 silly tar     blockRemain: 0,
2278 silly tar     remain: 0,
2278 silly tar     type: 'File',
2278 silly tar     meta: false,
2278 silly tar     ignore: false,
2278 silly tar     path: 'dist/esm/icons/text-cursor.mjs.map',
2278 silly tar     mode: 438,
2278 silly tar     uid: 0,
2278 silly tar     gid: 0,
2278 silly tar     uname: '',
2278 silly tar     gname: '',
2278 silly tar     size: 2728,
2278 silly tar     mtime: 1985-10-26T08:15:00.000Z,
2278 silly tar     atime: undefined,
2278 silly tar     ctime: undefined,
2278 silly tar     linkpath: undefined,
2278 silly tar     dev: undefined,
2278 silly tar     ino: undefined,
2278 silly tar     nlink: undefined,
2278 silly tar     invalid: false,
2278 silly tar     absolute: 'D:/Projects/student-management-system/frontend/node_modules/lucide-react/dist/esm/icons/text-cursor.mjs.map',
2278 silly tar     unsupported: false,
2278 silly tar     Symbol(shapeMode): false,
2278 silly tar     Symbol(kCapture): false,
2278 silly tar     Symbol(flowing): false,
2278 silly tar     Symbol(paused): true,
2278 silly tar     Symbol(pipes): [],
2278 silly tar     Symbol(buffer): [
2278 silly tar       <Buffer 7b 22 76 65 72 73 69 6f 6e 22 3a 33 2c 22 66 69 6c 65 22 3a 22 74 65 78 74 2d 63 75 72 73 6f 72 2e 6d 6a 73 22 2c 22 73 6f 75 72 63 65 73 22 3a 5b 22 ... 2678 more bytes>
2278 silly tar     ],
2278 silly tar     Symbol(objectMode): false,
2278 silly tar     Symbol(encoding): null,
2278 silly tar     Symbol(async): false,
2278 silly tar     Symbol(decoder): null,
2278 silly tar     Symbol(EOF): true,
2278 silly tar     Symbol(emittedEnd): false,
2278 silly tar     Symbol(emittingEnd): false,
2278 silly tar     Symbol(closed): false,
2278 silly tar     Symbol(emittedError): null,
2278 silly tar     Symbol(bufferLength): 2728,
2278 silly tar     Symbol(destroyed): false,
2278 silly tar     Symbol(signal): undefined,
2278 silly tar     Symbol(aborted): false,
2278 silly tar     Symbol(dataListeners): 0,
2278 silly tar     Symbol(discarded): false
2278 silly tar   },
2278 silly tar   cwd: 'D:/Projects/student-management-system/frontend/node_modules/lucide-react',
2278 silly tar   tarCode: 'TAR_ENTRY_ERROR'
2278 silly tar }
2279 warn tar TAR_ENTRY_ERROR ENOENT: no such file or directory, lstat 'D:\Projects\student-management-system\frontend\node_modules\lucide-react\dist'
2280 silly tar TAR_ENTRY_ERROR ENOENT: no such file or directory, lstat 'D:\Projects\student-management-system\frontend\node_modules\lucide-react\dist' [Error: ENOENT: no such file or directory, lstat 'D:\Projects\student-management-system\frontend\node_modules\lucide-react\dist'] {
2280 silly tar   errno: -4058,
2280 silly tar   code: 'ENOENT',
2280 silly tar   syscall: 'lstat',
2280 silly tar   path: 'D:/Projects/student-management-system/frontend/node_modules/lucide-react/dist',
2280 silly tar   entry: As {
2280 silly tar     _events: [Object: null prototype] { end: [Function (anonymous)] },
2280 silly tar     _eventsCount: 1,
2280 silly tar     _maxListeners: undefined,
2280 silly tar     writable: false,
2280 silly tar     readable: true,
2280 silly tar     extended: undefined,
2280 silly tar     globalExtended: undefined,
2280 silly tar     header: Ms {
2280 silly tar       cksumValid: true,
2280 silly tar       needPax: false,
2280 silly tar       nullBlock: false,
2280 silly tar       block: undefined,
2280 silly tar       path: 'package/dist/esm/icons/text-initial.mjs.map',
2280 silly tar       mode: 420,
2280 silly tar       uid: 0,
2280 silly tar       gid: 0,
2280 silly tar       size: 3156,
2280 silly tar       cksum: 7927,
2280 silly tar       linkpath: '',
2280 silly tar       uname: '',
2280 silly tar       gname: '',
2280 silly tar       devmaj: 0,
2280 silly tar       devmin: 0,
2280 silly tar       atime: undefined,
2280 silly tar       ctime: undefined,
2280 silly tar       mtime: 1985-10-26T08:15:00.000Z,
2280 silly tar       charset: undefined,
2280 silly tar       comment: undefined
2280 silly tar     },
2280 silly tar     startBlockSize: 3584,
2280 silly tar     blockRemain: 0,
2280 silly tar     remain: 0,
2280 silly tar     type: 'File',
2280 silly tar     meta: false,
2280 silly tar     ignore: false,
2280 silly tar     path: 'dist/esm/icons/text-initial.mjs.map',
2280 silly tar     mode: 438,
2280 silly tar     uid: 0,
2280 silly tar     gid: 0,
2280 silly tar     uname: '',
2280 silly tar     gname: '',
2280 silly tar     size: 3156,
2280 silly tar     mtime: 1985-10-26T08:15:00.000Z,
2280 silly tar     atime: undefined,
2280 silly tar     ctime: undefined,
2280 silly tar     linkpath: undefined,
2280 silly tar     dev: undefined,
2280 silly tar     ino: undefined,
2280 silly tar     nlink: undefined,
2280 silly tar     invalid: false,
2280 silly tar     absolute: 'D:/Projects/student-management-system/frontend/node_modules/lucide-react/dist/esm/icons/text-initial.mjs.map',
2280 silly tar     unsupported: false,
2280 silly tar     Symbol(shapeMode): false,
2280 silly tar     Symbol(kCapture): false,
2280 silly tar     Symbol(flowing): false,
2280 silly tar     Symbol(paused): true,
2280 silly tar     Symbol(pipes): [],
2280 silly tar     Symbol(buffer): [
2280 silly tar       <Buffer 7b 22 76 65 72 73 69 6f 6e 22 3a 33 2c 22 66 69 6c 65 22 3a 22 74 65 78 74 2d 69 6e 69 74 69 61 6c 2e 6d 6a 73 22 2c 22 73 6f 75 72 63 65 73 22 3a 5b ... 3106 more bytes>
2280 silly tar     ],
2280 silly tar     Symbol(objectMode): false,
2280 silly tar     Symbol(encoding): null,
2280 silly tar     Symbol(async): false,
2280 silly tar     Symbol(decoder): null,
2280 silly tar     Symbol(EOF): true,
2280 silly tar     Symbol(emittedEnd): false,
2280 silly tar     Symbol(emittingEnd): false,
2280 silly tar     Symbol(closed): false,
2280 silly tar     Symbol(emittedError): null,
2280 silly tar     Symbol(bufferLength): 3156,
2280 silly tar     Symbol(destroyed): false,
2280 silly tar     Symbol(signal): undefined,
2280 silly tar     Symbol(aborted): false,
2280 silly tar     Symbol(dataListeners): 0,
2280 silly tar     Symbol(discarded): false
2280 silly tar   },
2280 silly tar   cwd: 'D:/Projects/student-management-system/frontend/node_modules/lucide-react',
2280 silly tar   tarCode: 'TAR_ENTRY_ERROR'
2280 silly tar }
2281 warn tar TAR_ENTRY_ERROR ENOENT: no such file or directory, lstat 'D:\Projects\student-management-system\frontend\node_modules\lucide-react\dist'
2282 silly tar TAR_ENTRY_ERROR ENOENT: no such file or directory, lstat 'D:\Projects\student-management-system\frontend\node_modules\lucide-react\dist' [Error: ENOENT: no such file or directory, lstat 'D:\Projects\student-management-system\frontend\node_modules\lucide-react\dist'] {
2282 silly tar   errno: -4058,
2282 silly tar   code: 'ENOENT',
2282 silly tar   syscall: 'lstat',
2282 silly tar   path: 'D:/Projects/student-management-system/frontend/node_modules/lucide-react/dist',
2282 silly tar   entry: As {
2282 silly tar     _events: [Object: null prototype] { end: [Function (anonymous)] },
2282 silly tar     _eventsCount: 1,
2282 silly tar     _maxListeners: undefined,
2282 silly tar     writable: false,
2282 silly tar     readable: true,
2282 silly tar     extended: undefined,
2282 silly tar     globalExtended: undefined,
2282 silly tar     header: Ms {
2282 silly tar       cksumValid: true,
2282 silly tar       needPax: false,
2282 silly tar       nullBlock: false,
2282 silly tar       block: undefined,
2282 silly tar       path: 'package/dist/esm/icons/text-quote.mjs.map',
2282 silly tar       mode: 420,
2282 silly tar       uid: 0,
2282 silly tar       gid: 0,
2282 silly tar       size: 2558,
2282 silly tar       cksum: 7750,
2282 silly tar       linkpath: '',
2282 silly tar       uname: '',
2282 silly tar       gname: '',
2282 silly tar       devmaj: 0,
2282 silly tar       devmin: 0,
2282 silly tar       atime: undefined,
2282 silly tar       ctime: undefined,
2282 silly tar       mtime: 1985-10-26T08:15:00.000Z,
2282 silly tar       charset: undefined,
2282 silly tar       comment: undefined
2282 silly tar     },
2282 silly tar     startBlockSize: 2560,
2282 silly tar     blockRemain: 0,
2282 silly tar     remain: 0,
2282 silly tar     type: 'File',
2282 silly tar     meta: false,
2282 silly tar     ignore: false,
2282 silly tar     path: 'dist/esm/icons/text-quote.mjs.map',
2282 silly tar     mode: 438,
2282 silly tar     uid: 0,
2282 silly tar     gid: 0,
2282 silly tar     uname: '',
2282 silly tar     gname: '',
2282 silly tar     size: 2558,
2282 silly tar     mtime: 1985-10-26T08:15:00.000Z,
2282 silly tar     atime: undefined,
2282 silly tar     ctime: undefined,
2282 silly tar     linkpath: undefined,
2282 silly tar     dev: undefined,
2282 silly tar     ino: undefined,
2282 silly tar     nlink: undefined,
2282 silly tar     invalid: false,
2282 silly tar     absolute: 'D:/Projects/student-management-system/frontend/node_modules/lucide-react/dist/esm/icons/text-quote.mjs.map',
2282 silly tar     unsupported: false,
2282 silly tar     Symbol(shapeMode): false,
2282 silly tar     Symbol(kCapture): false,
2282 silly tar     Symbol(flowing): false,
2282 silly tar     Symbol(paused): true,
2282 silly tar     Symbol(pipes): [],
2282 silly tar     Symbol(buffer): [
2282 silly tar       <Buffer 7b 22 76 65 72 73 69 6f 6e 22 3a 33 2c 22 66 69 6c 65 22 3a 22 74 65 78 74 2d 71 75 6f 74 65 2e 6d 6a 73 22 2c 22 73 6f 75 72 63 65 73 22 3a 5b 22 2e ... 2508 more bytes>
2282 silly tar     ],
2282 silly tar     Symbol(objectMode): false,
2282 silly tar     Symbol(encoding): null,
2282 silly tar     Symbol(async): false,
2282 silly tar     Symbol(decoder): null,
2282 silly tar     Symbol(EOF): true,
2282 silly tar     Symbol(emittedEnd): false,
2282 silly tar     Symbol(emittingEnd): false,
2282 silly tar     Symbol(closed): false,
2282 silly tar     Symbol(emittedError): null,
2282 silly tar     Symbol(bufferLength): 2558,
2282 silly tar     Symbol(destroyed): false,
2282 silly tar     Symbol(signal): undefined,
2282 silly tar     Symbol(aborted): false,
2282 silly tar     Symbol(dataListeners): 0,
2282 silly tar     Symbol(discarded): false
2282 silly tar   },
2282 silly tar   cwd: 'D:/Projects/student-management-system/frontend/node_modules/lucide-react',
2282 silly tar   tarCode: 'TAR_ENTRY_ERROR'
2282 silly tar }
2283 warn tar TAR_ENTRY_ERROR ENOENT: no such file or directory, lstat 'D:\Projects\student-management-system\frontend\node_modules\lucide-react\dist'
2284 silly tar TAR_ENTRY_ERROR ENOENT: no such file or directory, lstat 'D:\Projects\student-management-system\frontend\node_modules\lucide-react\dist' [Error: ENOENT: no such file or directory, lstat 'D:\Projects\student-management-system\frontend\node_modules\lucide-react\dist'] {
2284 silly tar   errno: -4058,
2284 silly tar   code: 'ENOENT',
2284 silly tar   syscall: 'lstat',
2284 silly tar   path: 'D:/Projects/student-management-system/frontend/node_modules/lucide-react/dist',
2284 silly tar   entry: As {
2284 silly tar     _events: [Object: null prototype] { end: [Function (anonymous)] },
2284 silly tar     _eventsCount: 1,
2284 silly tar     _maxListeners: undefined,
2284 silly tar     writable: false,
2284 silly tar     readable: true,
2284 silly tar     extended: undefined,
2284 silly tar     globalExtended: undefined,
2284 silly tar     header: Ms {
2284 silly tar       cksumValid: true,
2284 silly tar       needPax: false,
2284 silly tar       nullBlock: false,
2284 silly tar       block: undefined,
2284 silly tar       path: 'package/dist/esm/icons/text-search.mjs.map',
2284 silly tar       mode: 420,
2284 silly tar       uid: 0,
2284 silly tar       gid: 0,
2284 silly tar       size: 2952,
2284 silly tar       cksum: 7810,
2284 silly tar       linkpath: '',
2284 silly tar       uname: '',
2284 silly tar       gname: '',
2284 silly tar       devmaj: 0,
2284 silly tar       devmin: 0,
2284 silly tar       atime: undefined,
2284 silly tar       ctime: undefined,
2284 silly tar       mtime: 1985-10-26T08:15:00.000Z,
2284 silly tar       charset: undefined,
2284 silly tar       comment: undefined
2284 silly tar     },
2284 silly tar     startBlockSize: 3072,
2284 silly tar     blockRemain: 0,
2284 silly tar     remain: 0,
2284 silly tar     type: 'File',
2284 silly tar     meta: false,
2284 silly tar     ignore: false,
2284 silly tar     path: 'dist/esm/icons/text-search.mjs.map',
2284 silly tar     mode: 438,
2284 silly tar     uid: 0,
2284 silly tar     gid: 0,
2284 silly tar     uname: '',
2284 silly tar     gname: '',
2284 silly tar     size: 2952,
2284 silly tar     mtime: 1985-10-26T08:15:00.000Z,
2284 silly tar     atime: undefined,
2284 silly tar     ctime: undefined,
2284 silly tar     linkpath: undefined,
2284 silly tar     dev: undefined,
2284 silly tar     ino: undefined,
2284 silly tar     nlink: undefined,
2284 silly tar     invalid: false,
2284 silly tar     absolute: 'D:/Projects/student-management-system/frontend/node_modules/lucide-react/dist/esm/icons/text-search.mjs.map',
2284 silly tar     unsupported: false,
2284 silly tar     Symbol(shapeMode): false,
2284 silly tar     Symbol(kCapture): false,
2284 silly tar     Symbol(flowing): false,
2284 silly tar     Symbol(paused): true,
2284 silly tar     Symbol(pipes): [],
2284 silly tar     Symbol(buffer): [
2284 silly tar       <Buffer 7b 22 76 65 72 73 69 6f 6e 22 3a 33 2c 22 66 69 6c 65 22 3a 22 74 65 78 74 2d 73 65 61 72 63 68 2e 6d 6a 73 22 2c 22 73 6f 75 72 63 65 73 22 3a 5b 22 ... 2423 more bytes>,
2284 silly tar       <Buffer 41 41 2c 43 41 41 41 2c 43 41 41 41 2c 43 41 41 41 2c 43 41 41 41 2c 43 41 41 51 2c 43 41 41 41 2c 43 41 41 45 2c 47 41 41 47 2c 43 41 41 41 2c 43 41 ... 429 more bytes>
2284 silly tar     ],
2284 silly tar     Symbol(objectMode): false,
2284 silly tar     Symbol(encoding): null,
2284 silly tar     Symbol(async): false,
2284 silly tar     Symbol(decoder): null,
2284 silly tar     Symbol(EOF): true,
2284 silly tar     Symbol(emittedEnd): false,
2284 silly tar     Symbol(emittingEnd): false,
2284 silly tar     Symbol(closed): false,
2284 silly tar     Symbol(emittedError): null,
2284 silly tar     Symbol(bufferLength): 2952,
2284 silly tar     Symbol(destroyed): false,
2284 silly tar     Symbol(signal): undefined,
2284 silly tar     Symbol(aborted): false,
2284 silly tar     Symbol(dataListeners): 0,
2284 silly tar     Symbol(discarded): false
2284 silly tar   },
2284 silly tar   cwd: 'D:/Projects/student-management-system/frontend/node_modules/lucide-react',
2284 silly tar   tarCode: 'TAR_ENTRY_ERROR'
2284 silly tar }
2285 warn tar TAR_ENTRY_ERROR ENOENT: no such file or directory, lstat 'D:\Projects\student-management-system\frontend\node_modules\lucide-react\dist'
2286 silly tar TAR_ENTRY_ERROR ENOENT: no such file or directory, lstat 'D:\Projects\student-management-system\frontend\node_modules\lucide-react\dist' [Error: ENOENT: no such file or directory, lstat 'D:\Projects\student-management-system\frontend\node_modules\lucide-react\dist'] {
2286 silly tar   errno: -4058,
2286 silly tar   code: 'ENOENT',
2286 silly tar   syscall: 'lstat',
2286 silly tar   path: 'D:/Projects/student-management-system/frontend/node_modules/lucide-react/dist',
2286 silly tar   entry: As {
2286 silly tar     _events: [Object: null prototype] { end: [Function (anonymous)] },
2286 silly tar     _eventsCount: 1,
2286 silly tar     _maxListeners: undefined,
2286 silly tar     writable: false,
2286 silly tar     readable: true,
2286 silly tar     extended: undefined,
2286 silly tar     globalExtended: undefined,
2286 silly tar     header: Ms {
2286 silly tar       cksumValid: true,
2286 silly tar       needPax: false,
2286 silly tar       nullBlock: false,
2286 silly tar       block: undefined,
2286 silly tar       path: 'package/dist/esm/icons/text-select.mjs.map',
2286 silly tar       mode: 420,
2286 silly tar       uid: 0,
2286 silly tar       gid: 0,
2286 silly tar       size: 103,
2286 silly tar       cksum: 7820,
2286 silly tar       linkpath: '',
2286 silly tar       uname: '',
2286 silly tar       gname: '',
2286 silly tar       devmaj: 0,
2286 silly tar       devmin: 0,
2286 silly tar       atime: undefined,
2286 silly tar       ctime: undefined,
2286 silly tar       mtime: 1985-10-26T08:15:00.000Z,
2286 silly tar       charset: undefined,
2286 silly tar       comment: undefined
2286 silly tar     },
2286 silly tar     startBlockSize: 512,
2286 silly tar     blockRemain: 0,
2286 silly tar     remain: 0,
2286 silly tar     type: 'File',
2286 silly tar     meta: false,
2286 silly tar     ignore: false,
2286 silly tar     path: 'dist/esm/icons/text-select.mjs.map',
2286 silly tar     mode: 438,
2286 silly tar     uid: 0,
2286 silly tar     gid: 0,
2286 silly tar     uname: '',
2286 silly tar     gname: '',
2286 silly tar     size: 103,
2286 silly tar     mtime: 1985-10-26T08:15:00.000Z,
2286 silly tar     atime: undefined,
2286 silly tar     ctime: undefined,
2286 silly tar     linkpath: undefined,
2286 silly tar     dev: undefined,
2286 silly tar     ino: undefined,
2286 silly tar     nlink: undefined,
2286 silly tar     invalid: false,
2286 silly tar     absolute: 'D:/Projects/student-management-system/frontend/node_modules/lucide-react/dist/esm/icons/text-select.mjs.map',
2286 silly tar     unsupported: false,
2286 silly tar     Symbol(shapeMode): false,
2286 silly tar     Symbol(kCapture): false,
2286 silly tar     Symbol(flowing): false,
2286 silly tar     Symbol(paused): true,
2286 silly tar     Symbol(pipes): [],
2286 silly tar     Symbol(buffer): [
2286 silly tar       <Buffer 7b 22 76 65 72 73 69 6f 6e 22 3a 33 2c 22 66 69 6c 65 22 3a 22 74 65 78 74 2d 73 65 6c 65 63 74 2e 6d 6a 73 22 2c 22 73 6f 75 72 63 65 73 22 3a 5b 5d ... 53 more bytes>
2286 silly tar     ],
2286 silly tar     Symbol(objectMode): false,
2286 silly tar     Symbol(encoding): null,
2286 silly tar     Symbol(async): false,
2286 silly tar     Symbol(decoder): null,
2286 silly tar     Symbol(EOF): true,
2286 silly tar     Symbol(emittedEnd): false,
2286 silly tar     Symbol(emittingEnd): false,
2286 silly tar     Symbol(closed): false,
2286 silly tar     Symbol(emittedError): null,
2286 silly tar     Symbol(bufferLength): 103,
2286 silly tar     Symbol(destroyed): false,
2286 silly tar     Symbol(signal): undefined,
2286 silly tar     Symbol(aborted): false,
2286 silly tar     Symbol(dataListeners): 0,
2286 silly tar     Symbol(discarded): false
2286 silly tar   },
2286 silly tar   cwd: 'D:/Projects/student-management-system/frontend/node_modules/lucide-react',
2286 silly tar   tarCode: 'TAR_ENTRY_ERROR'
2286 silly tar }
2287 warn tar TAR_ENTRY_ERROR ENOENT: no such file or directory, lstat 'D:\Projects\student-management-system\frontend\node_modules\lucide-react\dist'
2288 silly tar TAR_ENTRY_ERROR ENOENT: no such file or directory, lstat 'D:\Projects\student-management-system\frontend\node_modules\lucide-react\dist' [Error: ENOENT: no such file or directory, lstat 'D:\Projects\student-management-system\frontend\node_modules\lucide-react\dist'] {
2288 silly tar   errno: -4058,
2288 silly tar   code: 'ENOENT',
2288 silly tar   syscall: 'lstat',
2288 silly tar   path: 'D:/Projects/student-management-system/frontend/node_modules/lucide-react/dist',
2288 silly tar   entry: As {
2288 silly tar     _events: [Object: null prototype] { end: [Function (anonymous)] },
2288 silly tar     _eventsCount: 1,
2288 silly tar     _maxListeners: undefined,
2288 silly tar     writable: false,
2288 silly tar     readable: true,
2288 silly tar     extended: undefined,
2288 silly tar     globalExtended: undefined,
2288 silly tar     header: Ms {
2288 silly tar       cksumValid: true,
2288 silly tar       needPax: false,
2288 silly tar       nullBlock: false,
2288 silly tar       block: undefined,
2288 silly tar       path: 'package/dist/esm/icons/text-selection.mjs.map',
2288 silly tar       mode: 420,
2288 silly tar       uid: 0,
2288 silly tar       gid: 0,
2288 silly tar       size: 106,
2288 silly tar       cksum: 8142,
2288 silly tar       linkpath: '',
2288 silly tar       uname: '',
2288 silly tar       gname: '',
2288 silly tar       devmaj: 0,
2288 silly tar       devmin: 0,
2288 silly tar       atime: undefined,
2288 silly tar       ctime: undefined,
2288 silly tar       mtime: 1985-10-26T08:15:00.000Z,
2288 silly tar       charset: undefined,
2288 silly tar       comment: undefined
2288 silly tar     },
2288 silly tar     startBlockSize: 512,
2288 silly tar     blockRemain: 0,
2288 silly tar     remain: 0,
2288 silly tar     type: 'File',
2288 silly tar     meta: false,
2288 silly tar     ignore: false,
2288 silly tar     path: 'dist/esm/icons/text-selection.mjs.map',
2288 silly tar     mode: 438,
2288 silly tar     uid: 0,
2288 silly tar     gid: 0,
2288 silly tar     uname: '',
2288 silly tar     gname: '',
2288 silly tar     size: 106,
2288 silly tar     mtime: 1985-10-26T08:15:00.000Z,
2288 silly tar     atime: undefined,
2288 silly tar     ctime: undefined,
2288 silly tar     linkpath: undefined,
2288 silly tar     dev: undefined,
2288 silly tar     ino: undefined,
2288 silly tar     nlink: undefined,
2288 silly tar     invalid: false,
2288 silly tar     absolute: 'D:/Projects/student-management-system/frontend/node_modules/lucide-react/dist/esm/icons/text-selection.mjs.map',
2288 silly tar     unsupported: false,
2288 silly tar     Symbol(shapeMode): false,
2288 silly tar     Symbol(kCapture): false,
2288 silly tar     Symbol(flowing): false,
2288 silly tar     Symbol(paused): true,
2288 silly tar     Symbol(pipes): [],
2288 silly tar     Symbol(buffer): [
2288 silly tar       <Buffer 7b 22 76 65 72 73 69 6f 6e 22 3a 33 2c 22 66 69 6c 65 22 3a 22 74 65 78 74 2d 73 65 6c 65 63 74 69 6f 6e 2e 6d 6a 73 22 2c 22 73 6f 75 72 63 65 73 22 ... 56 more bytes>
2288 silly tar     ],
2288 silly tar     Symbol(objectMode): false,
2288 silly tar     Symbol(encoding): null,
2288 silly tar     Symbol(async): false,
2288 silly tar     Symbol(decoder): null,
2288 silly tar     Symbol(EOF): true,
2288 silly tar     Symbol(emittedEnd): false,
2288 silly tar     Symbol(emittingEnd): false,
2288 silly tar     Symbol(closed): false,
2288 silly tar     Symbol(emittedError): null,
2288 silly tar     Symbol(bufferLength): 106,
2288 silly tar     Symbol(destroyed): false,
2288 silly tar     Symbol(signal): undefined,
2288 silly tar     Symbol(aborted): false,
2288 silly tar     Symbol(dataListeners): 0,
2288 silly tar     Symbol(discarded): false
2288 silly tar   },
2288 silly tar   cwd: 'D:/Projects/student-management-system/frontend/node_modules/lucide-react',
2288 silly tar   tarCode: 'TAR_ENTRY_ERROR'
2288 silly tar }
2289 warn tar TAR_ENTRY_ERROR ENOENT: no such file or directory, lstat 'D:\Projects\student-management-system\frontend\node_modules\lucide-react\dist'
2290 silly tar TAR_ENTRY_ERROR ENOENT: no such file or directory, lstat 'D:\Projects\student-management-system\frontend\node_modules\lucide-react\dist' [Error: ENOENT: no such file or directory, lstat 'D:\Projects\student-management-system\frontend\node_modules\lucide-react\dist'] {
2290 silly tar   errno: -4058,
2290 silly tar   code: 'ENOENT',
2290 silly tar   syscall: 'lstat',
2290 silly tar   path: 'D:/Projects/student-management-system/frontend/node_modules/lucide-react/dist',
2290 silly tar   entry: As {
2290 silly tar     _events: [Object: null prototype] { end: [Function (anonymous)] },
2290 silly tar     _eventsCount: 1,
2290 silly tar     _maxListeners: undefined,
2290 silly tar     writable: false,
2290 silly tar     readable: true,
2290 silly tar     extended: undefined,
2290 silly tar     globalExtended: undefined,
2290 silly tar     header: Ms {
2290 silly tar       cksumValid: true,
2290 silly tar       needPax: false,
2290 silly tar       nullBlock: false,
2290 silly tar       block: undefined,
2290 silly tar       path: 'package/dist/esm/icons/text-wrap.mjs.map',
2290 silly tar       mode: 420,
2290 silly tar       uid: 0,
2290 silly tar       gid: 0,
2290 silly tar       size: 2730,
2290 silly tar       cksum: 7624,
2290 silly tar       linkpath: '',
2290 silly tar       uname: '',
2290 silly tar       gname: '',
2290 silly tar       devmaj: 0,
2290 silly tar       devmin: 0,
2290 silly tar       atime: undefined,
2290 silly tar       ctime: undefined,
2290 silly tar       mtime: 1985-10-26T08:15:00.000Z,
2290 silly tar       charset: undefined,
2290 silly tar       comment: undefined
2290 silly tar     },
2290 silly tar     startBlockSize: 3072,
2290 silly tar     blockRemain: 0,
2290 silly tar     remain: 0,
2290 silly tar     type: 'File',
2290 silly tar     meta: false,
2290 silly tar     ignore: false,
2290 silly tar     path: 'dist/esm/icons/text-wrap.mjs.map',
2290 silly tar     mode: 438,
2290 silly tar     uid: 0,
2290 silly tar     gid: 0,
2290 silly tar     uname: '',
2290 silly tar     gname: '',
2290 silly tar     size: 2730,
2290 silly tar     mtime: 1985-10-26T08:15:00.000Z,
2290 silly tar     atime: undefined,
2290 silly tar     ctime: undefined,
2290 silly tar     linkpath: undefined,
2290 silly tar     dev: undefined,
2290 silly tar     ino: undefined,
2290 silly tar     nlink: undefined,
2290 silly tar     invalid: false,
2290 silly tar     absolute: 'D:/Projects/student-management-system/frontend/node_modules/lucide-react/dist/esm/icons/text-wrap.mjs.map',
2290 silly tar     unsupported: false,
2290 silly tar     Symbol(shapeMode): false,
2290 silly tar     Symbol(kCapture): false,
2290 silly tar     Symbol(flowing): false,
2290 silly tar     Symbol(paused): true,
2290 silly tar     Symbol(pipes): [],
2290 silly tar     Symbol(buffer): [
2290 silly tar       <Buffer 7b 22 76 65 72 73 69 6f 6e 22 3a 33 2c 22 66 69 6c 65 22 3a 22 74 65 78 74 2d 77 72 61 70 2e 6d 6a 73 22 2c 22 73 6f 75 72 63 65 73 22 3a 5b 22 2e 2e ... 2680 more bytes>
2290 silly tar     ],
2290 silly tar     Symbol(objectMode): false,
2290 silly tar     Symbol(encoding): null,
2290 silly tar     Symbol(async): false,
2290 silly tar     Symbol(decoder): null,
2290 silly tar     Symbol(EOF): true,
2290 silly tar     Symbol(emittedEnd): false,
2290 silly tar     Symbol(emittingEnd): false,
2290 silly tar     Symbol(closed): false,
2290 silly tar     Symbol(emittedError): null,
2290 silly tar     Symbol(bufferLength): 2730,
2290 silly tar     Symbol(destroyed): false,
2290 silly tar     Symbol(signal): undefined,
2290 silly tar     Symbol(aborted): false,
2290 silly tar     Symbol(dataListeners): 0,
2290 silly tar     Symbol(discarded): false
2290 silly tar   },
2290 silly tar   cwd: 'D:/Projects/student-management-system/frontend/node_modules/lucide-react',
2290 silly tar   tarCode: 'TAR_ENTRY_ERROR'
2290 silly tar }
2291 warn tar TAR_ENTRY_ERROR ENOENT: no such file or directory, lstat 'D:\Projects\student-management-system\frontend\node_modules\lucide-react\dist'
2292 silly tar TAR_ENTRY_ERROR ENOENT: no such file or directory, lstat 'D:\Projects\student-management-system\frontend\node_modules\lucide-react\dist' [Error: ENOENT: no such file or directory, lstat 'D:\Projects\student-management-system\frontend\node_modules\lucide-react\dist'] {
2292 silly tar   errno: -4058,
2292 silly tar   code: 'ENOENT',
2292 silly tar   syscall: 'lstat',
2292 silly tar   path: 'D:/Projects/student-management-system/frontend/node_modules/lucide-react/dist',
2292 silly tar   entry: As {
2292 silly tar     _events: [Object: null prototype] { end: [Function (anonymous)] },
2292 silly tar     _eventsCount: 1,
2292 silly tar     _maxListeners: undefined,
2292 silly tar     writable: false,
2292 silly tar     readable: true,
2292 silly tar     extended: undefined,
2292 silly tar     globalExtended: undefined,
2292 silly tar     header: Ms {
2292 silly tar       cksumValid: true,
2292 silly tar       needPax: false,
2292 silly tar       nullBlock: false,
2292 silly tar       block: undefined,
2292 silly tar       path: 'package/dist/esm/icons/text.mjs.map',
2292 silly tar       mode: 420,
2292 silly tar       uid: 0,
2292 silly tar       gid: 0,
2292 silly tar       size: 96,
2292 silly tar       cksum: 7128,
2292 silly tar       linkpath: '',
2292 silly tar       uname: '',
2292 silly tar       gname: '',
2292 silly tar       devmaj: 0,
2292 silly tar       devmin: 0,
2292 silly tar       atime: undefined,
2292 silly tar       ctime: undefined,
2292 silly tar       mtime: 1985-10-26T08:15:00.000Z,
2292 silly tar       charset: undefined,
2292 silly tar       comment: undefined
2292 silly tar     },
2292 silly tar     startBlockSize: 512,
2292 silly tar     blockRemain: 0,
2292 silly tar     remain: 0,
2292 silly tar     type: 'File',
2292 silly tar     meta: false,
2292 silly tar     ignore: false,
2292 silly tar     path: 'dist/esm/icons/text.mjs.map',
2292 silly tar     mode: 438,
2292 silly tar     uid: 0,
2292 silly tar     gid: 0,
2292 silly tar     uname: '',
2292 silly tar     gname: '',
2292 silly tar     size: 96,
2292 silly tar     mtime: 1985-10-26T08:15:00.000Z,
2292 silly tar     atime: undefined,
2292 silly tar     ctime: undefined,
2292 silly tar     linkpath: undefined,
2292 silly tar     dev: undefined,
2292 silly tar     ino: undefined,
2292 silly tar     nlink: undefined,
2292 silly tar     invalid: false,
2292 silly tar     absolute: 'D:/Projects/student-management-system/frontend/node_modules/lucide-react/dist/esm/icons/text.mjs.map',
2292 silly tar     unsupported: false,
2292 silly tar     Symbol(shapeMode): false,
2292 silly tar     Symbol(kCapture): false,
2292 silly tar     Symbol(flowing): false,
2292 silly tar     Symbol(paused): true,
2292 silly tar     Symbol(pipes): [],
2292 silly tar     Symbol(buffer): [
2292 silly tar       <Buffer 7b 22 76 65 72 73 69 6f 6e 22 3a 33 2c 22 66 69 6c 65 22 3a 22 74 65 78 74 2e 6d 6a 73 22 2c 22 73 6f 75 72 63 65 73 22 3a 5b 5d 2c 22 73 6f 75 72 63 ... 46 more bytes>
2292 silly tar     ],
2292 silly tar     Symbol(objectMode): false,
2292 silly tar     Symbol(encoding): null,
2292 silly tar     Symbol(async): false,
2292 silly tar     Symbol(decoder): null,
2292 silly tar     Symbol(EOF): true,
2292 silly tar     Symbol(emittedEnd): false,
2292 silly tar     Symbol(emittingEnd): false,
2292 silly tar     Symbol(closed): false,
2292 silly tar     Symbol(emittedError): null,
2292 silly tar     Symbol(bufferLength): 96,
2292 silly tar     Symbol(destroyed): false,
2292 silly tar     Symbol(signal): undefined,
2292 silly tar     Symbol(aborted): false,
2292 silly tar     Symbol(dataListeners): 0,
2292 silly tar     Symbol(discarded): false
2292 silly tar   },
2292 silly tar   cwd: 'D:/Projects/student-management-system/frontend/node_modules/lucide-react',
2292 silly tar   tarCode: 'TAR_ENTRY_ERROR'
2292 silly tar }
2293 warn tar TAR_ENTRY_ERROR ENOENT: no such file or directory, lstat 'D:\Projects\student-management-system\frontend\node_modules\lucide-react\dist'
2294 silly tar TAR_ENTRY_ERROR ENOENT: no such file or directory, lstat 'D:\Projects\student-management-system\frontend\node_modules\lucide-react\dist' [Error: ENOENT: no such file or directory, lstat 'D:\Projects\student-management-system\frontend\node_modules\lucide-react\dist'] {
2294 silly tar   errno: -4058,
2294 silly tar   code: 'ENOENT',
2294 silly tar   syscall: 'lstat',
2294 silly tar   path: 'D:/Projects/student-management-system/frontend/node_modules/lucide-react/dist',
2294 silly tar   entry: As {
2294 silly tar     _events: [Object: null prototype] { end: [Function (anonymous)] },
2294 silly tar     _eventsCount: 1,
2294 silly tar     _maxListeners: undefined,
2294 silly tar     writable: false,
2294 silly tar     readable: true,
2294 silly tar     extended: undefined,
2294 silly tar     globalExtended: undefined,
2294 silly tar     header: Ms {
2294 silly tar       cksumValid: true,
2294 silly tar       needPax: false,
2294 silly tar       nullBlock: false,
2294 silly tar       block: undefined,
2294 silly tar       path: 'package/dist/esm/icons/theater.mjs.map',
2294 silly tar       mode: 420,
2294 silly tar       uid: 0,
2294 silly tar       gid: 0,
2294 silly tar       size: 4804,
2294 silly tar       cksum: 7428,
2294 silly tar       linkpath: '',
2294 silly tar       uname: '',
2294 silly tar       gname: '',
2294 silly tar       devmaj: 0,
2294 silly tar       devmin: 0,
2294 silly tar       atime: undefined,
2294 silly tar       ctime: undefined,
2294 silly tar       mtime: 1985-10-26T08:15:00.000Z,
2294 silly tar       charset: undefined,
2294 silly tar       comment: undefined
2294 silly tar     },
2294 silly tar     startBlockSize: 5120,
2294 silly tar     blockRemain: 0,
2294 silly tar     remain: 0,
2294 silly tar     type: 'File',
2294 silly tar     meta: false,
2294 silly tar     ignore: false,
2294 silly tar     path: 'dist/esm/icons/theater.mjs.map',
2294 silly tar     mode: 438,
2294 silly tar     uid: 0,
2294 silly tar     gid: 0,
2294 silly tar     uname: '',
2294 silly tar     gname: '',
2294 silly tar     size: 4804,
2294 silly tar     mtime: 1985-10-26T08:15:00.000Z,
2294 silly tar     atime: undefined,
2294 silly tar     ctime: undefined,
2294 silly tar     linkpath: undefined,
2294 silly tar     dev: undefined,
2294 silly tar     ino: undefined,
2294 silly tar     nlink: undefined,
2294 silly tar     invalid: false,
2294 silly tar     absolute: 'D:/Projects/student-management-system/frontend/node_modules/lucide-react/dist/esm/icons/theater.mjs.map',
2294 silly tar     unsupported: false,
2294 silly tar     Symbol(shapeMode): false,
2294 silly tar     Symbol(kCapture): false,
2294 silly tar     Symbol(flowing): false,
2294 silly tar     Symbol(paused): true,
2294 silly tar     Symbol(pipes): [],
2294 silly tar     Symbol(buffer): [
2294 silly tar       <Buffer 7b 22 76 65 72 73 69 6f 6e 22 3a 33 2c 22 66 69 6c 65 22 3a 22 74 68 65 61 74 65 72 2e 6d 6a 73 22 2c 22 73 6f 75 72 63 65 73 22 3a 5b 22 2e 2e 2f 2e ... 4754 more bytes>
2294 silly tar     ],
2294 silly tar     Symbol(objectMode): false,
2294 silly tar     Symbol(encoding): null,
2294 silly tar     Symbol(async): false,
2294 silly tar     Symbol(decoder): null,
2294 silly tar     Symbol(EOF): true,
2294 silly tar     Symbol(emittedEnd): false,
2294 silly tar     Symbol(emittingEnd): false,
2294 silly tar     Symbol(closed): false,
2294 silly tar     Symbol(emittedError): null,
2294 silly tar     Symbol(bufferLength): 4804,
2294 silly tar     Symbol(destroyed): false,
2294 silly tar     Symbol(signal): undefined,
2294 silly tar     Symbol(aborted): false,
2294 silly tar     Symbol(dataListeners): 0,
2294 silly tar     Symbol(discarded): false
2294 silly tar   },
2294 silly tar   cwd: 'D:/Projects/student-management-system/frontend/node_modules/lucide-react',
2294 silly tar   tarCode: 'TAR_ENTRY_ERROR'
2294 silly tar }
2295 warn tar TAR_ENTRY_ERROR ENOENT: no such file or directory, lstat 'D:\Projects\student-management-system\frontend\node_modules\lucide-react\dist'
2296 silly tar TAR_ENTRY_ERROR ENOENT: no such file or directory, lstat 'D:\Projects\student-management-system\frontend\node_modules\lucide-react\dist' [Error: ENOENT: no such file or directory, lstat 'D:\Projects\student-management-system\frontend\node_modules\lucide-react\dist'] {
2296 silly tar   errno: -4058,
2296 silly tar   code: 'ENOENT',
2296 silly tar   syscall: 'lstat',
2296 silly tar   path: 'D:/Projects/student-management-system/frontend/node_modules/lucide-react/dist',
2296 silly tar   entry: As {
2296 silly tar     _events: [Object: null prototype] { end: [Function (anonymous)] },
2296 silly tar     _eventsCount: 1,
2296 silly tar     _maxListeners: undefined,
2296 silly tar     writable: false,
2296 silly tar     readable: true,
2296 silly tar     extended: undefined,
2296 silly tar     globalExtended: undefined,
2296 silly tar     header: Ms {
2296 silly tar       cksumValid: true,
2296 silly tar       needPax: false,
2296 silly tar       nullBlock: false,
2296 silly tar       block: undefined,
2296 silly tar       path: 'package/dist/esm/icons/thermometer-snowflake.mjs.map',
2296 silly tar       mode: 420,
2296 silly tar       uid: 0,
2296 silly tar       gid: 0,
2296 silly tar       size: 4456,
2296 silly tar       cksum: 8892,
2296 silly tar       linkpath: '',
2296 silly tar       uname: '',
2296 silly tar       gname: '',
2296 silly tar       devmaj: 0,
2296 silly tar       devmin: 0,
2296 silly tar       atime: undefined,
2296 silly tar       ctime: undefined,
2296 silly tar       mtime: 1985-10-26T08:15:00.000Z,
2296 silly tar       charset: undefined,
2296 silly tar       comment: undefined
2296 silly tar     },
2296 silly tar     startBlockSize: 4608,
2296 silly tar     blockRemain: 0,
2296 silly tar     remain: 0,
2296 silly tar     type: 'File',
2296 silly tar     meta: false,
2296 silly tar     ignore: false,
2296 silly tar     path: 'dist/esm/icons/thermometer-snowflake.mjs.map',
2296 silly tar     mode: 438,
2296 silly tar     uid: 0,
2296 silly tar     gid: 0,
2296 silly tar     uname: '',
2296 silly tar     gname: '',
2296 silly tar     size: 4456,
2296 silly tar     mtime: 1985-10-26T08:15:00.000Z,
2296 silly tar     atime: undefined,
2296 silly tar     ctime: undefined,
2296 silly tar     linkpath: undefined,
2296 silly tar     dev: undefined,
2296 silly tar     ino: undefined,
2296 silly tar     nlink: undefined,
2296 silly tar     invalid: false,
2296 silly tar     absolute: 'D:/Projects/student-management-system/frontend/node_modules/lucide-react/dist/esm/icons/thermometer-snowflake.mjs.map',
2296 silly tar     unsupported: false,
2296 silly tar     Symbol(shapeMode): false,
2296 silly tar     Symbol(kCapture): false,
2296 silly tar     Symbol(flowing): false,
2296 silly tar     Symbol(paused): true,
2296 silly tar     Symbol(pipes): [],
2296 silly tar     Symbol(buffer): [
2296 silly tar       <Buffer 7b 22 76 65 72 73 69 6f 6e 22 3a 33 2c 22 66 69 6c 65 22 3a 22 74 68 65 72 6d 6f 6d 65 74 65 72 2d 73 6e 6f 77 66 6c 61 6b 65 2e 6d 6a 73 22 2c 22 73 ... 2935 more bytes>,
2296 silly tar       <Buffer 2c 43 41 41 41 2c 43 41 41 41 2c 43 41 41 41 2c 43 41 41 41 2c 43 41 41 4b 2c 43 41 41 41 2c 43 41 41 41 2c 43 41 41 41 2c 43 41 41 41 2c 43 41 41 41 ... 1421 more bytes>
2296 silly tar     ],
2296 silly tar     Symbol(objectMode): false,
2296 silly tar     Symbol(encoding): null,
2296 silly tar     Symbol(async): false,
2296 silly tar     Symbol(decoder): null,
2296 silly tar     Symbol(EOF): true,
2296 silly tar     Symbol(emittedEnd): false,
2296 silly tar     Symbol(emittingEnd): false,
2296 silly tar     Symbol(closed): false,
2296 silly tar     Symbol(emittedError): null,
2296 silly tar     Symbol(bufferLength): 4456,
2296 silly tar     Symbol(destroyed): false,
2296 silly tar     Symbol(signal): undefined,
2296 silly tar     Symbol(aborted): false,
2296 silly tar     Symbol(dataListeners): 0,
2296 silly tar     Symbol(discarded): false
2296 silly tar   },
2296 silly tar   cwd: 'D:/Projects/student-management-system/frontend/node_modules/lucide-react',
2296 silly tar   tarCode: 'TAR_ENTRY_ERROR'
2296 silly tar }
2297 warn tar TAR_ENTRY_ERROR ENOENT: no such file or directory, open 'D:\Projects\student-management-system\frontend\node_modules\es-toolkit\dist\compat\string\camelCase.js'
2298 silly tar TAR_ENTRY_ERROR ENOENT: no such file or directory, open 'D:\Projects\student-management-system\frontend\node_modules\es-toolkit\dist\compat\string\camelCase.js' [Error: ENOENT: no such file or directory, open 'D:\Projects\student-management-system\frontend\node_modules\es-toolkit\dist\compat\string\camelCase.js'] {
2298 silly tar   errno: -4058,
2298 silly tar   code: 'ENOENT',
2298 silly tar   syscall: 'open',
2298 silly tar   path: 'D:\\Projects\\student-management-system\\frontend\\node_modules\\es-toolkit\\dist\\compat\\string\\camelCase.js',
2298 silly tar   entry: As {
2298 silly tar     _events: [Object: null prototype] { end: [Function (anonymous)] },
2298 silly tar     _eventsCount: 1,
2298 silly tar     _maxListeners: undefined,
2298 silly tar     writable: false,
2298 silly tar     readable: true,
2298 silly tar     extended: undefined,
2298 silly tar     globalExtended: undefined,
2298 silly tar     header: Ms {
2298 silly tar       cksumValid: true,
2298 silly tar       needPax: false,
2298 silly tar       nullBlock: false,
2298 silly tar       block: undefined,
2298 silly tar       path: 'package/dist/compat/string/camelCase.js',
2298 silly tar       mode: 420,
2298 silly tar       uid: 0,
2298 silly tar       gid: 0,
2298 silly tar       size: 1298,
2298 silly tar       cksum: 7535,
2298 silly tar       linkpath: '',
2298 silly tar       uname: '',
2298 silly tar       gname: '',
2298 silly tar       devmaj: 0,
2298 silly tar       devmin: 0,
2298 silly tar       atime: undefined,
2298 silly tar       ctime: undefined,
2298 silly tar       mtime: 1984-06-22T21:50:00.000Z,
2298 silly tar       charset: undefined,
2298 silly tar       comment: undefined
2298 silly tar     },
2298 silly tar     startBlockSize: 1536,
2298 silly tar     blockRemain: 0,
2298 silly tar     remain: 0,
2298 silly tar     type: 'File',
2298 silly tar     meta: false,
2298 silly tar     ignore: false,
2298 silly tar     path: 'dist/compat/string/camelCase.js',
2298 silly tar     mode: 438,
2298 silly tar     uid: 0,
2298 silly tar     gid: 0,
2298 silly tar     uname: '',
2298 silly tar     gname: '',
2298 silly tar     size: 1298,
2298 silly tar     mtime: 1984-06-22T21:50:00.000Z,
2298 silly tar     atime: undefined,
2298 silly tar     ctime: undefined,
2298 silly tar     linkpath: undefined,
2298 silly tar     dev: undefined,
2298 silly tar     ino: undefined,
2298 silly tar     nlink: undefined,
2298 silly tar     invalid: false,
2298 silly tar     absolute: 'D:/Projects/student-management-system/frontend/node_modules/es-toolkit/dist/compat/string/camelCase.js',
2298 silly tar     unsupported: false,
2298 silly tar     Symbol(shapeMode): false,
2298 silly tar     Symbol(kCapture): false,
2298 silly tar     Symbol(flowing): false,
2298 silly tar     Symbol(paused): true,
2298 silly tar     Symbol(pipes): [ [Wt] ],
2298 silly tar     Symbol(buffer): [
2298 silly tar       <Buffer 6f 20 62 65 20 63 68 61 6e 67 65 64 20 74 6f 20 63 61 6d 65 6c 20 63 61 73 65 2e 0a 2a 20 40 72 65 74 75 72 6e 73 20 54 68 65 20 63 6f 6e 76 65 72 74 ... 703 more bytes>
2298 silly tar     ],
2298 silly tar     Symbol(objectMode): false,
2298 silly tar     Symbol(encoding): null,
2298 silly tar     Symbol(async): false,
2298 silly tar     Symbol(decoder): null,
2298 silly tar     Symbol(EOF): true,
2298 silly tar     Symbol(emittedEnd): false,
2298 silly tar     Symbol(emittingEnd): false,
2298 silly tar     Symbol(closed): false,
2298 silly tar     Symbol(emittedError): null,
2298 silly tar     Symbol(bufferLength): 753,
2298 silly tar     Symbol(destroyed): false,
2298 silly tar     Symbol(signal): undefined,
2298 silly tar     Symbol(aborted): false,
2298 silly tar     Symbol(dataListeners): 0,
2298 silly tar     Symbol(discarded): false
2298 silly tar   },
2298 silly tar   cwd: 'D:/Projects/student-management-system/frontend/node_modules/es-toolkit',
2298 silly tar   tarCode: 'TAR_ENTRY_ERROR'
2298 silly tar }
2299 warn tar TAR_ENTRY_ERROR ENOENT: no such file or directory, lstat 'D:\Projects\student-management-system\frontend\node_modules\lucide-react\dist'
2300 silly tar TAR_ENTRY_ERROR ENOENT: no such file or directory, lstat 'D:\Projects\student-management-system\frontend\node_modules\lucide-react\dist' [Error: ENOENT: no such file or directory, lstat 'D:\Projects\student-management-system\frontend\node_modules\lucide-react\dist'] {
2300 silly tar   errno: -4058,
2300 silly tar   code: 'ENOENT',
2300 silly tar   syscall: 'lstat',
2300 silly tar   path: 'D:/Projects/student-management-system/frontend/node_modules/lucide-react/dist',
2300 silly tar   entry: As {
2300 silly tar     _events: [Object: null prototype] { end: [Function (anonymous)] },
2300 silly tar     _eventsCount: 1,
2300 silly tar     _maxListeners: undefined,
2300 silly tar     writable: false,
2300 silly tar     readable: true,
2300 silly tar     extended: undefined,
2300 silly tar     globalExtended: undefined,
2300 silly tar     header: Ms {
2300 silly tar       cksumValid: true,
2300 silly tar       needPax: false,
2300 silly tar       nullBlock: false,
2300 silly tar       block: undefined,
2300 silly tar       path: 'package/dist/esm/icons/thermometer-sun.mjs.map',
2300 silly tar       mode: 420,
2300 silly tar       uid: 0,
2300 silly tar       gid: 0,
2300 silly tar       size: 3750,
2300 silly tar       cksum: 8272,
2300 silly tar       linkpath: '',
2300 silly tar       uname: '',
2300 silly tar       gname: '',
2300 silly tar       devmaj: 0,
2300 silly tar       devmin: 0,
2300 silly tar       atime: undefined,
2300 silly tar       ctime: undefined,
2300 silly tar       mtime: 1985-10-26T08:15:00.000Z,
2300 silly tar       charset: undefined,
2300 silly tar       comment: undefined
2300 silly tar     },
2300 silly tar     startBlockSize: 4096,
2300 silly tar     blockRemain: 0,
2300 silly tar     remain: 0,
2300 silly tar     type: 'File',
2300 silly tar     meta: false,
2300 silly tar     ignore: false,
2300 silly tar     path: 'dist/esm/icons/thermometer-sun.mjs.map',
2300 silly tar     mode: 438,
2300 silly tar     uid: 0,
2300 silly tar     gid: 0,
2300 silly tar     uname: '',
2300 silly tar     gname: '',
2300 silly tar     size: 3750,
2300 silly tar     mtime: 1985-10-26T08:15:00.000Z,
2300 silly tar     atime: undefined,
2300 silly tar     ctime: undefined,
2300 silly tar     linkpath: undefined,
2300 silly tar     dev: undefined,
2300 silly tar     ino: undefined,
2300 silly tar     nlink: undefined,
2300 silly tar     invalid: false,
2300 silly tar     absolute: 'D:/Projects/student-management-system/frontend/node_modules/lucide-react/dist/esm/icons/thermometer-sun.mjs.map',
2300 silly tar     unsupported: false,
2300 silly tar     Symbol(shapeMode): false,
2300 silly tar     Symbol(kCapture): false,
2300 silly tar     Symbol(flowing): false,
2300 silly tar     Symbol(paused): true,
2300 silly tar     Symbol(pipes): [],
2300 silly tar     Symbol(buffer): [
2300 silly tar       <Buffer 7b 22 76 65 72 73 69 6f 6e 22 3a 33 2c 22 66 69 6c 65 22 3a 22 74 68 65 72 6d 6f 6d 65 74 65 72 2d 73 75 6e 2e 6d 6a 73 22 2c 22 73 6f 75 72 63 65 73 ... 3700 more bytes>
2300 silly tar     ],
2300 silly tar     Symbol(objectMode): false,
2300 silly tar     Symbol(encoding): null,
2300 silly tar     Symbol(async): false,
2300 silly tar     Symbol(decoder): null,
2300 silly tar     Symbol(EOF): true,
2300 silly tar     Symbol(emittedEnd): false,
2300 silly tar     Symbol(emittingEnd): false,
2300 silly tar     Symbol(closed): false,
2300 silly tar     Symbol(emittedError): null,
2300 silly tar     Symbol(bufferLength): 3750,
2300 silly tar     Symbol(destroyed): false,
2300 silly tar     Symbol(signal): undefined,
2300 silly tar     Symbol(aborted): false,
2300 silly tar     Symbol(dataListeners): 0,
2300 silly tar     Symbol(discarded): false
2300 silly tar   },
2300 silly tar   cwd: 'D:/Projects/student-management-system/frontend/node_modules/lucide-react',
2300 silly tar   tarCode: 'TAR_ENTRY_ERROR'
2300 silly tar }
2301 http fetch GET 200 https://registry.npmjs.org/es-toolkit/-/es-toolkit-1.51.0.tgz 98823ms (cache miss)
2302 http fetch GET 200 https://registry.npmjs.org/lucide-react/-/lucide-react-1.33.0.tgz 105346ms (cache miss)
2303 silly ADD node_modules/isexe
2304 silly ADD node_modules/@rolldown/binding-win32-x64-msvc
2305 silly ADD node_modules/@oxc-project/types
2306 silly ADD node_modules/source-map-js
2307 silly ADD node_modules/nanoid
2308 silly ADD node_modules/lightningcss-win32-x64-msvc
2309 silly ADD node_modules/detect-libc
2310 silly ADD node_modules/rolldown
2311 silly ADD node_modules/postcss
2312 silly ADD node_modules/lightningcss
2313 silly ADD node_modules/d3-path
2314 silly ADD node_modules/d3-time-format
2315 silly ADD node_modules/d3-format
2316 silly ADD node_modules/d3-color
2317 silly ADD node_modules/internmap
2318 silly ADD node_modules/@types/d3-path
2319 silly ADD node_modules/@types/d3-color
2320 silly ADD node_modules/d3-timer
2321 silly ADD node_modules/d3-time
2322 silly ADD node_modules/d3-shape
2323 silly ADD node_modules/d3-scale
2324 silly ADD node_modules/d3-interpolate
2325 silly ADD node_modules/d3-ease
2326 silly ADD node_modules/d3-array
2327 silly ADD node_modules/@types/d3-timer
2328 silly ADD node_modules/@types/d3-time
2329 silly ADD node_modules/@types/d3-shape
2330 silly ADD node_modules/@types/d3-scale
2331 silly ADD node_modules/@types/d3-interpolate
2332 silly ADD node_modules/@types/d3-ease
2333 silly ADD node_modules/@types/d3-array
2334 silly ADD node_modules/punycode
2335 silly ADD node_modules/escalade
2336 silly ADD node_modules/picomatch
2337 silly ADD node_modules/fdir
2338 silly ADD node_modules/tinyglobby
2339 silly ADD node_modules/@typescript-eslint/tsconfig-utils
2340 silly ADD node_modules/@typescript-eslint/project-service
2341 silly ADD node_modules/@typescript-eslint/types
2342 silly ADD node_modules/ts-api-utils
2343 silly ADD node_modules/@typescript-eslint/visitor-keys
2344 silly ADD node_modules/@typescript-eslint/type-utils
2345 silly ADD node_modules/@typescript-eslint/scope-manager
2346 silly ADD node_modules/@typescript-eslint/utils
2347 silly ADD node_modules/@typescript-eslint/typescript-estree
2348 silly ADD node_modules/@typescript-eslint/typescript-estree/node_modules/semver
2349 silly ADD node_modules/@typescript-eslint/parser
2350 silly ADD node_modules/@typescript-eslint/eslint-plugin
2351 silly ADD node_modules/@typescript-eslint/eslint-plugin/node_modules/ignore
2352 silly ADD node_modules/shebang-regex
2353 silly ADD node_modules/@types/use-sync-external-store
2354 silly ADD node_modules/redux-thunk
2355 silly ADD node_modules/redux
2356 silly ADD node_modules/@standard-schema/utils
2357 silly ADD node_modules/@standard-schema/spec
2358 silly ADD node_modules/victory-vendor
2359 silly ADD node_modules/use-sync-external-store
2360 silly ADD node_modules/tiny-invariant
2361 silly ADD node_modules/reselect
2362 silly ADD node_modules/react-redux
2363 silly ADD node_modules/immer
2364 silly ADD node_modules/eventemitter3
2365 silly ADD node_modules/es-toolkit
2366 silly ADD node_modules/decimal.js-light
2367 silly ADD node_modules/clsx
2368 silly ADD node_modules/@reduxjs/toolkit
2369 silly ADD node_modules/set-cookie-parser
2370 silly ADD node_modules/cookie
2371 silly ADD node_modules/react-router
2372 silly ADD node_modules/scheduler
2373 silly ADD node_modules/yocto-queue
2374 silly ADD node_modules/p-limit
2375 silly ADD node_modules/word-wrap
2376 silly ADD node_modules/fast-levenshtein
2377 silly ADD node_modules/deep-is
2378 silly ADD node_modules/balanced-match
2379 silly ADD node_modules/brace-expansion
2380 silly ADD node_modules/mime-db
2381 silly ADD node_modules/yallist
2382 silly ADD node_modules/p-locate
2383 silly ADD node_modules/type-check
2384 silly ADD node_modules/prelude-ls
2385 silly ADD node_modules/json-buffer
2386 silly ADD node_modules/is-extglob
2387 silly ADD node_modules/agent-base
2388 silly ADD node_modules/hermes-estree
2389 silly ADD node_modules/dunder-proto
2390 silly ADD node_modules/math-intrinsics
2391 silly ADD node_modules/has-symbols
2392 silly ADD node_modules/gopd
2393 silly ADD node_modules/get-proto
2394 silly ADD node_modules/function-bind
2395 silly ADD node_modules/es-object-atoms
2396 silly ADD node_modules/es-define-property
2397 silly ADD node_modules/call-bind-apply-helpers
2398 silly ADD node_modules/has-tostringtag
2399 silly ADD node_modules/get-intrinsic
2400 silly ADD node_modules/es-errors
2401 silly ADD node_modules/delayed-stream
2402 silly ADD node_modules/mime-types
2403 silly ADD node_modules/hasown
2404 silly ADD node_modules/es-set-tostringtag
2405 silly ADD node_modules/combined-stream
2406 silly ADD node_modules/asynckit
2407 silly ADD node_modules/keyv
2408 silly ADD node_modules/flatted
2409 silly ADD node_modules/path-exists
2410 silly ADD node_modules/locate-path
2411 silly ADD node_modules/flat-cache
2412 silly ADD node_modules/acorn-jsx
2413 silly ADD node_modules/acorn
2414 silly ADD node_modules/estraverse
2415 silly ADD node_modules/esrecurse
2416 silly ADD node_modules/@types/esrecurse
2417 silly ADD node_modules/update-browserslist-db
2418 silly ADD node_modules/node-releases
2419 silly ADD node_modules/electron-to-chromium
2420 silly ADD node_modules/caniuse-lite
2421 silly ADD node_modules/baseline-browser-mapping
2422 silly ADD node_modules/@jridgewell/resolve-uri
2423 silly ADD node_modules/@jridgewell/sourcemap-codec
2424 silly ADD node_modules/@babel/helper-string-parser
2425 silly ADD node_modules/@babel/helper-globals
2426 silly ADD node_modules/@babel/helper-module-imports
2427 silly ADD node_modules/lru-cache
2428 silly ADD node_modules/browserslist
2429 silly ADD node_modules/@babel/helper-validator-option
2430 silly ADD node_modules/@babel/compat-data
2431 silly ADD node_modules/jsesc
2432 silly ADD node_modules/@jridgewell/trace-mapping
2433 silly ADD node_modules/@jridgewell/gen-mapping
2434 silly ADD node_modules/picocolors
2435 silly ADD node_modules/js-tokens
2436 silly ADD node_modules/@babel/helper-validator-identifier
2437 silly ADD node_modules/semver
2438 silly ADD node_modules/json5
2439 silly ADD node_modules/gensync
2440 silly ADD node_modules/convert-source-map
2441 silly ADD node_modules/@jridgewell/remapping
2442 silly ADD node_modules/@babel/types
2443 silly ADD node_modules/@babel/traverse
2444 silly ADD node_modules/@babel/template
2445 silly ADD node_modules/@babel/helpers
2446 silly ADD node_modules/@babel/helper-module-transforms
2447 silly ADD node_modules/@babel/helper-compilation-targets
2448 silly ADD node_modules/@babel/generator
2449 silly ADD node_modules/@babel/code-frame
2450 silly ADD node_modules/zod-validation-error
2451 silly ADD node_modules/zod
2452 silly ADD node_modules/hermes-parser
2453 silly ADD node_modules/@babel/parser
2454 silly ADD node_modules/@babel/core
2455 silly ADD node_modules/ms
2456 silly ADD node_modules/which
2457 silly ADD node_modules/shebang-command
2458 silly ADD node_modules/path-key
2459 silly ADD node_modules/uri-js
2460 silly ADD node_modules/json-schema-traverse
2461 silly ADD node_modules/fast-json-stable-stringify
2462 silly ADD node_modules/@humanfs/types
2463 silly ADD node_modules/@humanfs/core
2464 silly ADD node_modules/levn
2465 silly ADD node_modules/@types/json-schema
2466 silly ADD node_modules/@eslint/object-schema
2467 silly ADD node_modules/optionator
2468 silly ADD node_modules/natural-compare
2469 silly ADD node_modules/minimatch
2470 silly ADD node_modules/json-stable-stringify-without-jsonify
2471 silly ADD node_modules/is-glob
2472 silly ADD node_modules/imurmurhash
2473 silly ADD node_modules/ignore
2474 silly ADD node_modules/glob-parent
2475 silly ADD node_modules/find-up
2476 silly ADD node_modules/file-entry-cache
2477 silly ADD node_modules/fast-deep-equal
2478 silly ADD node_modules/esutils
2479 silly ADD node_modules/esquery
2480 silly ADD node_modules/espree
2481 silly ADD node_modules/eslint-visitor-keys
2482 silly ADD node_modules/eslint-scope
2483 silly ADD node_modules/escape-string-regexp
2484 silly ADD node_modules/debug
2485 silly ADD node_modules/cross-spawn
2486 silly ADD node_modules/ajv
2487 silly ADD node_modules/@types/estree
2488 silly ADD node_modules/@humanwhocodes/retry
2489 silly ADD node_modules/@humanwhocodes/module-importer
2490 silly ADD node_modules/@humanfs/node
2491 silly ADD node_modules/@eslint/plugin-kit
2492 silly ADD node_modules/@eslint/core
2493 silly ADD node_modules/@eslint/config-helpers
2494 silly ADD node_modules/@eslint/config-array
2495 silly ADD node_modules/@eslint-community/regexpp
2496 silly ADD node_modules/@eslint-community/eslint-utils
2497 silly ADD node_modules/@eslint-community/eslint-utils/node_modules/eslint-visitor-keys
2498 silly ADD node_modules/proxy-from-env
2499 silly ADD node_modules/https-proxy-agent
2500 silly ADD node_modules/form-data
2501 silly ADD node_modules/follow-redirects
2502 silly ADD node_modules/@rolldown/pluginutils
2503 silly ADD node_modules/csstype
2504 silly ADD node_modules/typescript
2505 silly ADD node_modules/typescript-eslint
2506 silly ADD node_modules/react-is
2507 silly ADD node_modules/recharts
2508 silly ADD node_modules/react-router-dom
2509 silly ADD node_modules/react-dom
2510 silly ADD node_modules/react
2511 silly ADD node_modules/lucide-react
2512 silly ADD node_modules/globals
2513 silly ADD node_modules/eslint-plugin-react-refresh
2514 silly ADD node_modules/eslint-plugin-react-hooks
2515 silly ADD node_modules/eslint
2516 silly ADD node_modules/axios
2517 silly ADD node_modules/vite
2518 silly ADD node_modules/@vitejs/plugin-react
2519 silly ADD node_modules/@types/react-dom
2520 silly ADD node_modules/@types/react
2521 silly ADD node_modules/@eslint/js
2522 verbose cwd D:\Projects\student-management-system\frontend
2523 verbose os Windows_NT 10.0.26200
2524 verbose node v26.2.0
2525 verbose npm  v11.13.0
2526 notice
2526 notice New major version of npm available! 11.13.0 -> 12.0.2
2526 notice Changelog: https://github.com/npm/cli/releases/tag/v12.0.2
2526 notice To update run: npm install -g npm@12.0.2
2526 notice  { force: true, Symbol(proc-log.meta): true }
2527 verbose exit 0
2528 info ok
